0COLY,ferdinand-coly
0GNGN,gianni-guigou
0HLGJ,luis-helguera
0JJDS,jeda
0JOBX,thomas-job
0MLNR,enrico-milan
0MSGP,giuseppe-mascara
0MSRC,marco-esposito
0OGAS,mitsuo-ogasawara
0PGLM,maurizio-pugliesi
1ASTO,davide-astori
1BTGN,ignazio-abate
1CRCL,alessio-cerci
1DMRT,raffaele-de-martino
1HDMM,magnus-hedman
1LAMB,alessandro-lambrughi
3GCMZ,guillermo-giacomazzi
5BURD,nicolas-burdisso
5LSJH,john-aloisi
7MSBH,djamel-mesbah
9BSGG,walter-baseggio
9ELEF,dimitris-eleftheropoulos
9ILIE,ivica-iliev
9JEND,daniel-jensen
9KOLO,vaclav-kolousek
9LVRR,ruben-olivera
9MGGC,christian-maggio
ADMCH,cristian-adami
ALBIO,raul-albiol
ALDE,gabriele-aldegani
ALELAL,alexi-lalas
ALLRC,riccardo-allegretti
AMERA,raffaele-ametrano
AMOLU,luca-amoruso
AMONI,nicola-amoruso
ANDOM,bruce-dombolo
ANTEN,mirco-antenucci
ANTLC,luca-antei
BAJICR,riad-bajic
BALDI,daniele-balli
BALMAR,marco-ballotta
BARRE,paulo-barreto
BASTOS,bastos
BBCKH,khouma-babacar
BBJGR,igor-bubnjic
BBNJN,jonathan-biabiany
BBTMT,matteo-abbate
BBTND,olalekan-babatunde
BCCBP,ivan-strinic
BCCCR,cristian-bucchi
BCCDR,dario-baccin
BCCDV,davide-baiocco
BCCGCM,giacomo-boccafoglia
BCCLN,alessandro-boccolini
BCCMR,maurizio-baciocchi
BCCNP,matteo-baiocchi
BCHPW,pawel-bochniewicz
BCHRC,marcel-buchel
BCXTD,elia-bruzzi
BDLLS,alessandro-budel
BDLML,milan-badelj
BDNVK,viktor-boudianski
BDSFF,soufiane-bidaoui
BDXZL,daniel-pavlovic
BEGLUI,luigi-beghetto
BEGMAS,massimo-beghetto
BELMO,nicola-belmonte
BENIN,mirko-benin
BENMAR,mario-been
BENPAL,paolo-benedetti
BERALE,alessandro-bertoni
BERAN,antonino-bernardini
BERDA,daniele-berretta
BERTA,mauro-bertaccini
BGAFR,francesco-bega
BGDLN,erjon-bogdani
BGLLC,lucas-biglia
BGNOB,oberdan-biagioni
BGNTM,marco-biagianti
BHRMV,valon-behrami
BHWNN,mattia-del-favero
BIADA,david-bianchini
BIAIO,giorgio-bianchi
BINJO,jonatan-binotto
BISLU,luca-bisello-ragno
BJELA,sasa-bjelanovic
BKRHMD,mohamed-abukar
BKYBR,ibrahima-bakayoko
BLCDR,drazen-bolic
BLCFB,fabio-bilica
BLCVD,vid-belec
BLDNRD,leonardo-ubaldi
BLDRHM,ibourahima-balde-balde
BLDRM,michele-boldrini
BLFHK,ishak-belfodil
BLLCLD,jean-claude-billong
BLLGS,giuseppe-bellusci
BLLVRL,raoul-bellanova
BLLZX,rafael-toloi
BLMML,emilio-belmonte
BLNLC,luca-belingheri
BLNLN,leonardo-blanchard
BLSJC,jacopo-balestri
BLSMN,manuele-blasi
BLTNR,andrea-belotti
BNCJNR,flavio-junior-bianchi
BNCLN,leonardo-bonucci
BNFKV,kevin-bonifazi
BNGNDR,alessandro-buongiorno
BNKRW,kadhim-ali-adnan
BNLHM,ahmad-benali
BNMTT,mattia-bani
BNNMS,massimo-bonanni
BNSFR,francesco-benussi
BNSMC,marco-benassi
BNTCC,accursio-bentivegna
BNTDRG,rodrigo-bentancur
BNTFL,felix-benito
BNTMH,medhi-benatia
BNTSM,simone-bentivoglio
BNVGC,giacomo-bonaventura
BNZFD,federico-bonazzoli
BOCMAU,mauro-boccafresca
BOJNV,valeri-bozhinov
BONAD,adriano-bonaiuti
BORFB,fabio-borini
BOSNI,nicola-boselli
BOSROB,roberto-bosco
BOTDO,domenico-botticella
BQBTW,alisson
BQXFP,simone-scuffet
BRBBRL,gabriel-barbosa-avelino
BRBFD,federico-barba
BRBNR,andrea-barberis
BRBRNT,renato-barbosa
BRCHM,mauro-boerchio
BRDFX,francesco-bardi
BRDRB,roberto-breda
BREWL,walter-bressan
BRGCS,cristiano-biraghi
BRGGS,gaston-brugman
BRGGZ,gonzalo-bergessio
BRGLB,alberto-brignoli
BRGNE,enrico-brignola
BRHDD,davide-biraschi
BRHRN,harouna-bara
BRHTR,etrit-berisha
BRJMG,miguel-borja
BRKTNN,antonin-barak
BRKZL,zeljko-brkic
BRLNC,nicolo-barella
BRLNT,antonino-barilla-
BRLPTR,petar-brlek
BRNAL,alex-brunner
BRNBB,drazen-brncic
BRNDM,marco-bernardi
BRNDRC,federico-brancolini
BRNFD,federico-bernardeschi
BRNFR,franco-brienza
BRNJRD,bruno-jordao
BRNND1,alejandro-berenguer
BRNSL,salvatore-bruno
BRNTM,tommaso-berni
BRRDG,edgar-barreto
BRRDM,domenico-berardi
BRRGT,gaetano-berardi
BRRMR,marco-borriello
BRRPB,pablo-barrientos
BRRWMS,musa-barrow
BRSBR,bartosz-bereszynski
BRSDV1,davide-borsellini
BRSMA,mauro-bressan
BRSMK,maks-barisic
BRSRPL,pierpaolo-bresciani
BRSVL,valter-birsa
BRTDD,davide-bertoncini
BRTJS,julio-sergio
BRTLD,andrea-bertolacci
BRTMN,emanuele-berrettoni
BRUAL,alessandro-bruno
BRVDV,davide-brivio
BRVSC,oscar-brevi
BRZCC,fabrizio-cacciatore
BRZND,andrea-barzagli
BSCTM,tommaso-biasci
BSLDN,daniele-baselli
BSSCH,basso-lisboa
BSSDN,daniel-bessa
BSSFRD,alfredo-bassani
BSTDS,dusan-basta
BSTNDR,alessandro-bastoni
BTCKRL,karlo-butic
BTHRD,jay-bothroyd
BTNLC,luca-bittante
BTVBV,jordan-lukaku
BUCGIO,giovanni-bucaro
BUFGI,gianluigi-buffon
BVCSR,cesare-bovo
BXDSZ,armando-ferroni
BZCVP,guilherme
BZFHD,manuel-lazzari
BZRAL,albano-bizzarri
BZRLM,bright-gyamfi
CACNI,nicola-caccia
CAGNC,nicholas-caglioni
CAIAZZ,aldo-caiazza
CAIGIO,giordano-caini
CALAL,alessandro-calori
CAMND,andrea-campagnolo
CAMPA,hugo-campagnaro
CANPA,paolo-cannavaro
CAPMS,massimiliano-cappellini
CARGI,giuseppe-cardone
CARTAL,carlo-taldo
CASMM,emmanuel-cascione
CBCLN,alessandro-iacobucci
CBRJN,jean-coubronne
CBRLN,leandro-cabrera
CBRRF,rafael
CBRZQ,niccolo-cabras
CBSDRS,adrian-cubas
CCCMRN,mariano-coccia
CCDFL,felipe-caicedo
CCHFD,federico-ceccherini
CCRMT,martin-caceres
CCRPT,pietro-accardi
CDLNDR,andrea-cadili
CDMSM,assane-diousse
CDMSS,massimo-coda
CDNDR,andrea-coda
CDRJN,juan-cuadrado
CDWCM,andrea-fulignati
CENDA,davide-cenicola
CENMA,matteo-centurioni
CEVRO,roberto-cevoli
CFNMT,matteo-ciofani
CHAJO,jose-antonio-chamot
CHBSS,raman-chibsah
CHCHY,ivaylo-chochev
CHIRO,roberto-chiappara
CHLGR,giorgio-chiellini
CHNVN,vincenzo-chianese
CHRVD,vlad-chiriches
CIGAR,francesco-cigardi
CIOMAS,massimo-ciocci
CJOSE,jose-castillo
CKBTP,nicola-dalmonte
CKZLG,kalidou-koulibaly
CLBMMD,mamadou-coulibaly
CLFNT,antonio-cilfone
CLGFB,fabrizio-caligara
CLGNRC,enrico-celeghin
CLGTN,gaetano-cala-
CLHHK,hakan-calhanoglu
CLLDR,adrian-calello
CLLNS,jose-callejon
CLMSM,simone-colombi
CLPNDR,andrea-colpani
CMLVN,vincenzo-camilleri
CMPDN,nicola-campedelli
CMPDZ,matias-campos
CMPMC,michele-camporese
CNCJJ,joao-cancelo
CNDHMS,thomas-candeloro
CNDNT,antonio-candreva
CNDVN,vincent-candela
CNKTH,thiago-cionek
CNLND1,alessandro-iacuaniello
CNLNDR,alessandro-canella
CNNND,andrea-cennini
CNSND,andrea-consigli
CNSZH,edoardo-goldaniga
CNTLB,luis-centi
CNTMT,matteo-contini
CNTRW,ricardo-centurion
COFSC,isaac-cofie
COISA,sandro-cois
COLFRA,franco-colomba
COMGI,gianluca-comotto
CONFA,fabio-consagra
COPMAU,maurizio-coppola
COPPO,manuel-coppola
COSFR,francesco-cosenza
COZFR,francesco-cozza
CPLDN,daniele-capelli
CPNCR,ciro-capuano
CPNMR,marco-capuano
CPPCR,carmine-coppola
CPPLC,luca-ceppitelli
CPPMNC,domenico-coppola
CPRGN,gianluca-caprari
CPRMT,matteo-cipriani
CPTFR,francesco-caputo
CQFRB,robert-acquafresca
CQHFR,afriyie-acquah
CRBFN,francesco-acerbi
CRCDN,daniele-croce
CRCND,andrea-caracciolo
CRCNN,antonio-caracciolo
CRDNC,nicolas-cordova
CRDRB,roberto-cardinale
CRDZL,alex-cordaz
CRGLS,alessio-cragno
CRIFI,filippo-cristante
CRIGIA,gianni-cristiani
CRIPA,paolo-cristallini
CRLLL,bruno-cirillo
CRLRM,massimo-ciarlora
CRMCH,michele-cremonesi
CRMCM,carlos-carmona
CRMRC,marco-crimi
CRNMRC,marco-cerioni
CRNNX,andreas-cornelius
CRRBR,bernardo-corradi
CRRDV,davide-carrus
CRRNC,nicola-corrent
CRRRC,riccardo-corallo
CRS11,sebastian-cristoforo
CRSLS,alessandro-crescenzi
CRSRN,lorenzo-crisetig
CRVDN,daniele-corvia
CRVFD,federico-crovari
CRVRW,roberto-crivello
CSCRS,uros-cosic
CSRCH,achille-coser
CSRNDR,alessandro-cesaretti
CSSKR,karamoko-cisse-
CSSMT,mattia-cassani
CSSND,andrea-cossu
CSSNT,antonio-cassano
CSTDL,douglas-costa
CSTFW,filippo-costa
CSTLD,leandro-castan
CSTNR,andrea-costa
CSTPL,paolo-castellini
CSTRX,lucas-castro
CSTTY,timothy-castagne
CSVRL,davide-zuccolini
CTRDMR,damir-ceter-valencia
CTTMR,marcello-cottafava
CUDMR,mirko-cudini
CUIAND,andrea-cuicchi
CUTBN,benoit-cauet
CVLNTN,antonio-cavallo
CVTMN,seko-fofana
CZEPL,jaroslav-plasil
CZZLR,riccardo-cazzola
CZZMS,moris-carrozzieri
DAIDN,daniele-daino
DALAS,alessandro-dal-canto
DALLS,simone-dallamano
DBLPL,paulo-dybala
DBRSPP,giuseppe-di-bari
DBSMN,ousmane-dabo
DBTCH,cheick-diabate-
DBTLX,loick-landre
DBYMSS,moussa-diaby
DCGPL,paolo-de-ceglie
DCHGN,gianluca-di-chiara
DCHRP,miranda
DCNXN,aniello-viscovo
DCRGC,giacomo-dicara
DCRSL,saulo-decarli
DCSCR,ciro-de-cesare
DDDDX,dodo-
DDRDZ,daniele-cipolla
DDXDV,abdullahi-nura
DEASTE,stefano-de-agostini
DEFEU,eusebio-di-francesco
DEFGS,giuseppe-de-feudis
DELLOR,lorenzo-del-pinto
DELMA,marco-delvecchio
DEPVIN,pasquale-de-vincenzo
DFLCNZ,vincenzo-di-filippo
DFLNX,andrea-de-falco
DFRFD,federico-di-francesco
DFRGR,gregoire-defrel
DFTMD,andrija-balic
DGNDN,daniele-degano
DGRCRD,riccardo-daga
DGRLV,edgar-alvarez
DGTDS,m-baye-niang
DGZJH,jonathan-de-guzman
DIAMO,souleymane-diamoutene
DIASGI,gil-dias
DIASTE,stefano-dianda
DIBLU,luigi-di-biagio
DIGEN,davide-di-gennaro
DILEON,nicola-di-leo
DIMFAB,fabrizio-di-mauro
DINRT,arturo-di-napoli
DISFA,fabio-di-sauro
DIVMA,marco-di-vaio
DJDNL,daniel-adejo
DJJFL,filip-djordjevic
DJLNCK,zokohi-frank-alain-djoulou
DJMBR,berat-djimsiti
DLBCNN,ennio-dal-bianco
DLBNRQ,dalbert
DLCMN,manuel-de-luca
DLGCR,cristiano-del-grosso
DLGRS,alessandro-del-grosso
DLHGN,gennaro-delvecchio
DLLCQ,stefano-dall-acqua
DLLGV,giovanni-dall-igna
DLLLPP,filippo-delli-carri
DLLRHM,ibrahima-diallo
DLMRC,marco-di-loreto
DLPNRC,enrico-del-prato
DLSMR,marco-d-alessandro
DMBMB,domenico-bombara
DMCDV,david-di-michele
DMGRD,alejandro-rodriguez
DMNTT,alessandro-diamanti
DMRZN,damiano-zanon
DMSBS,sebastian-de-maio
DMZMR,maurizio-domizzi
DNCFN,daniel-ciofani
DNCSP,alfred-duncan
DNDNDR,andrea-donadello
DNDRF,rafael
DNFNX,jean-christophe-bahebeck
DNFRT,daniele-fortunato
DNGMRC,piermarco-d-angelo
DNHGD,godfred-donsah
DNLDR,dario-dainelli
DNLGG,daniele-gregori
DNNLSS,alessio-donnarumma
DNNNT,antonio-donnarumma
DNTMS,massimo-donati
DOLALD,aldo-dolcetti
DOPRA,guilherme-do-prado
DPLFB,fabio-depaoli
DPLRD,rodrigo-de-paul
DPNDRY,ndary-adopo
DPRFB,fabio-daprela-
DRCFLP,filip-djuricic
DRGWJ,bartlomiej-dragowski
DRMBK,boukary-drame-
DRMRT,eder
DRNMR,marten-de-roon
DRRSS,adriano-russo
DRSDN,daniele-de-rossi
DRXXR,ignacio-jeraldino
DSCMT,mattia-de-sciglio
DSSDN,daniele-dessena
DSSND,andrea-dossena
DSSNNN,noe-dussenne
DSSWL,wallace
DSTMT,mattia-destro
DSZLC,lucas-souza
DSZQN,stefan-de-vrij
DTRND,andrea-di-tora
DVDFW,mario-mandzukic
DVDLZ,davide-lanzafame
DVFNJ,divine-fonjock
DVRRB,roberto-d-aversa
DVTCR,crescenzo-de-vito
DVZDN,daniele-de-vezze
DWKHG,fabio-della-giovanna
DWLFK,dennis-praet
DWQPC,antonio-d-alena
DZKDN,edin-dzeko
DZMBL,blerim-dzemaili
ESPCA,carmine-esposito
FANNR,enrico-fantini
FARDV,davide-faraoni
FAREL,simone-farelli
FARIS,diego-farias
FAVAX,dino-fava
FBCRV,fabio-ceravolo
FBGRL,fabrizio-grillo
FBNLR,fabiano-rodrigues
FCFRL,deian-boldor
FCRGS,giuseppe-ficara
FDDNS,federico-dionisi
FDDZH,zouhair-feddal
FDLMT,matteo-fedele
FDPLS,federico-peluso
FDTFR,francesco-fedato
FDWTW,borja-valero
FELIP,felipe
FERFA,fabrizio-ferron
FGDWH,federico-chiesa
FGLGCM,giacomo-figliuzzi
FGLPL,paolo-foglio
FHWTC,bram-nuytinck
FILAN,antonio-filippini
FILEM,emanuele-filippini
FIOST,stefano-fiore
FKSND,giancarlo-gonzalez
FLCLG,luigi-falcone
FLNDG,diego-falcinelli
FLOCC,sergio-floccari
FLPFG,fabio-filippi
FLRLN,alessandro-florenzi
FLTCS,cesar-falletti
FNMCH,michele-fini
FNTAL,alberto-fontana
FNTHMS,thomas-fantoni
FONCA,daniel-fonseca
FONGA,gaetano-fontana
FPRDC,lorenzo-simonetti
FRARA,alessandro-frara
FRBNLC,gianluca-frabotta
FRDNDR,alessandro-fiordaliso
FRDWR,edward-ofere
FRESA,salvatore-fresi
FRGPL,paolo-farago-
FRGTVN,erick-steven-ferigra-burnham
FRLRM,remo-freuler
FRMNB,fabio-firmani
FRNCSM,cosimo-francioso
FRNDVD,david-fiorentini
FRNFD,federico-franchini
FRNKKE,frank-kessie
FRNMRZ,maurizio-franzone
FRRCL,claudio-ferrarese
FRRFR,federico-freire
FRRGM,gian-marco-ferrari
FRRRCR,ciro-ferrara
FRRTTR,ettore-ferraroni
FRSMH,michele-fornasier
FSCFS,vasco-faisca
FSCLC,luca-fusco
FSSMZ,marco-fossati
FSTMX,marco-festa
FTTDM,stefano-fattori
FUSMA,massimiliano-fusani
FZFDR,federico-fazio
GABFRA,franco-gabrieli
GALFB,fabio-gallo
GALFR,francesco-galeoto
GANMA,maurizio-ganz
GARLUI,luigi-garzya
GATTU,gennaro-gattuso
GAZFRA,francesco-gazzaneo
GBBMS,massimo-gobbi
GBBMTT,matteo-gabbia
GBFRL,gabriele-ferla
GBLCN,fabio-lucioni
GBPDW,mirko-antonucci
GBRLG,ugo-gabrieli
GBRLMD,gabriel-barbosa
GBRSL,gabriel-silva
GBRST,stefano-guberti
GCFKH,karol-linetty
GCHRB,robert-gucher
GCMWX,andrea-tiritiello
GCZRB,robert-feczesin
GDSDN,denis-godeas
GEMIT,giuseppe-gemiti
GGLNLC,luca-gagliano
GGRSB,marios-oikonomou
GHDDF,al-saadi-gheddafi
GHDSMN,simone-ghidotti
GHLFZ,faouzi-ghoulam
GHOMS,antonio-ghomsi
GHZBD,abdelkader-ghezzal
GIAMAR,marco-giandebiaggi
GIAMS,massimiliano-giacobbo
GIASIL,silvio-vittorio-giampietro
GIORG,luigi-giorgi
GIUAL,alberto-giuliatto
GIURO,giuseppe-rossi
GKTML,bruno-uvini
GLBND,andrey-galabinov
GLKKM,kamil-glik
GLLBW,alberto-iglio
GLLDN,daniele-galloppa
GLLLB,alberto-gallo
GLLLPP,filippo-gilli
GLLPR,pierluigi-gollini
GLNDR,andrea-giallombardo
GLRBR,alberto-gilardino
GLRFD,federico-agliardi
GLSSG,gianluca-galasso
GLTJF,jean-gillet
GMBLL,alessandro-gamberini
GMPDM,domenico-giampa-
GMPFD,federico-giampaolo
GMSCLD,joao-claudio-gomes-ricciulli
GMSLY,lys-gomis
GMZLJ,alejandro-gomez
GMZSTV,gustavo-gomez
GNDLG,luigi-giandomenico
GNDMN,manuel-giandonato
GNFGV,giovanni-ignoffo
GNHDD,eddy-gnahore-
GNLMX,maxime-gonalons
GNNNC,niccolo-giannetti
GNNSQL,pasquale-giannotti
GNOUX,bryan-bergougnoux
GNTSN,santiago-gentiletti
GNVRG,gael-genevier
GOLGIU,giuseppe-galderisi
GQQMS,moise-kean
GRAAL,alessandro-grandoni
GRACO,corrado-grabbi
GRCCV,simone-pontisso
GRCED,edgars-gauracs
GRCGP,giuseppe-greco
GRCKD,luca-vido
GRCLN,leandro-greco
GRCSN,santiago-garcia
GRMRW,mirko-gori
GRNFN,francesco-grandolfo
GRNNDR,alessandro-guarnone
GRNPM,pablo-granoche
GRNSR,sergei-gurenko
GRNTT,tiberio-guarente
GRPRV,girolamo-provenzano
GRRGD,guido-guerrieri
GRRRR,rodrigo-aguirre
GRSCR,carlos-grossmuller
GRSFB,fabio-grosso
GRSLV,salvador-agra
GRSNQ,gerson
GRSSBG,biagio-grasso
GRSSD,daniele-grassi
GRTRB,roberto-goretti
GRTTFN,stefano-garuti
GSNRBN,robin-gosens
GSPBR,bruno-gaspar
GSPDN,daniele-gasparetto
GSPMNL,manuel-gasparini
GSTDN,daniele-gastaldello
GSTNDR,andrea-agostinelli
GSTSML,samuel-gustafson
GSTVL,gustavo-lazzaretti
GTNDG,gaetano-d-agostino
GTTFB,fabio-gatti
GUALUI,luigi-gualco
GUAMT,matteo-guardalben
GUASI,simone-guarneri
GVGRC,giovanni-goracci
GZZLL,marcello-gazzola
GZZLS,alessandro-gazzi
GZZMN,niccolo-guzzo
HDBQD,umar-sadiq
HFCTQ,vittorio-parigini
HFNNV,agatino-garufi
HFSBG,ante-budimir
HGNGN,gonzalo-higuain
HGNSH,ianis-hagi
HKMWK,martin-erlic
HLJSC,oscar-hiljemark
HLLML,emil-hallfredsson
HLNFL,filip-helander
HMHNL,charalampos-lykogiannis
HMSMR,marek-hamsik
HNBFH,kingsley-boateng
HNQSN,kwang-song-han
HNRBRN,bruno-henrique
HNVSM,samir-handanovic
HPKCM,nikola-ninkovic
HRBNV,antonio-barreca
HRSPTK,petko-hristov
HRVMC,michal-hrivnak
HSKRK,erik-huseklepp
HSLSD,elseid-hysaj
HSNCLS,nicolas-haas
HTMPR,perparim-hetemaj
HTTZT,alessandro-deiola
HTVGLY,gergely-hutvagner
HUALM,hugo-almeida
HUBDA,dario-hubner
HUGOVI,vitor-hugo
HWDBN,benedikt-howedes
HXQNB,stefano-colantuono
ICRMR,mauro-icardi
IVNND,andrea-ivan
JDNBL,nabil-jaadi
JHMNT,jehad-muntasser
JHNMH,john-mensah
JHNMT,johnnier-montano
JJLMT,mato-jajalo
JKNSM,samir-ujkani
JKPRNL,arnel-jakupovic
JNKJK,jakub-jankto
JNRCS,angelo-da-costa
JNTHS,jonathas
JRDMR,mario-jardel
JRGNH,jorginho
JRSPWL,pawel-jaroszynski
JRZZZ,juarez
JUANX,juan-jesus
JULMR,mark-iuliano
JVTST,stevan-jovetic
KBTCX,gil-patric
KBXNM,adam-nagy
KKCHK,stefano-okaka
KLMMP,felipe-avenatti
KLNMH,mohamed-kallon
KLNNK,nikola-kalinic
KLRLX,aleksandar-kolarov
KLSDJN,dejan-kulusevski
KMLFR,frank-kamalu
KMRDM,diomansy-kamara
KNBSSN,ben-lhassine-kone
KNGMC,michael-kingsley
KNPNG,panagiotis-kone
KNTMM1,pa-konate
KNTMMD,mamadou-kanoute
KOLIGO,igor-kolyvanov
KOUAD,christ-kouadio
KPNKM,kamil-kopunek
KPVRS,fabrizio-poli
KQRWG,francesco-vicari
KREMIC,michel-kreek
KRGLV,oliver-kragl
KRHML,emil-krafth
KRJLD,ladislav-krejci
KRJMT,matej-krajcik
KRNLK,luka-krajnc
KRNRD,rade-krunic
KRPTTS,titas-krapikas
KRSLK,aleksandar-kristic
KRTSM,jasmin-kurtic
KSBZV,sami-khedira
KSMVT,daniele-verde
KTCHK,cheick-keita
KTKZL,erick-cabalceta
KTNDRJ,andrej-kotnik
KTZQR,francesco-cassata
KTZVT,vitaliy-kutuzov
KVQSG,luca-mazzitelli
KWNWRJ,orji-okwonkwo
KXBML,riccardo-gaiola
KXQDS,raul-oprut
LARHEN,henrik-larsen
LAYEN,stefano-layeni
LBRCS,carlos-labrin
LCCGR,luca-cigarini
LCHST,stefano-lucchini
LCMVG,norbert-gyomber
LCNRF,rafinha
LCNTO,luca-antonelli
LCRLS,alessandro-lucarelli
LCRTK,rick-karsdorp
LCSST,luca-rossettini
LCTMN,manuel-locatelli
LDCLT,carlalberto-ludi
LDFRN,francesco-lodi
LDNZL,elia-donzelli
LDNZX,riccardo-ladinetti
LFNDL,riccardo-gagliolo
LFQWW,milan-skriniar
LFSSM,simone-lo-faso
LGRTT,nicola-legrottaglie
LGXZP,george-puscas
LILND,andi-lila
LJJDM,adem-ljajic
LJMLX,jamal-alioui
LKDMR,omar-el-kaddouri
LKVLK,aleksandar-lukovic
LKXHL,bryan-cristante
LLCJS,josip-ilicic
LLCSN,senad-lulic
LLLLR,lorenzo-lollo
LLNCL,nicola-leali
LLNXX,allan
LMBCR,cristiano-lombardi
LMBMN,manuel-lombardoni
LMBRS,david-limbersky
LMBST,stefano-lombardi
LMCGL,gianluca-lamacchi
LMFSR,sergio-almiron
LMNGN,eugenio-lamanna
LMNNT,antonio-lamenza
LNCFB,fabricio-lenci
LNDRNH,leandrinho
LNGSM,samuele-longo
LNZMR,maurizio-lanzaro
LONDAM,damiano-longhi
LONRA,raffaele-longo
LOUBO,konstantinos-loumpoutis
LPDGN,gianluca-lapadula
LPZMX,maxi-lopez
LRCFR,francesco-della-rocca
LRLRD,leonardo-loria
LRNDL,larangeira-danilo
LRNDN,daniele-lorenzini
LRNST,stefano-lorenzi
LRNVN,vincent-laurini
LRRND,marcelo-larrondo
LRSLV,lorenzo-de-silvestri
LSGKV,kevin-lasagna
LSHST,stephan-el-shaarawy
LSKRC,richard-lasik
LSLBR,luis-alberto
LSLVTR,salvatore-elia
LSMHTM,haitam-aleesami
LSZZN,andrea-lisuzzo
LTCFT,salvador-ichazo
LTLCSC,francesco-latella
LTSBS,sebastian-leto
LTSTTM,timo-letschert
LTTMNL,emmanuel-latte-lath
LTXVC,mattia-caldara
LTZGT,gaetano-letizia
LUCDAV,davide-lucarelli
LUCIA,andrea-luci
LUIPS,pasquale-luiso
LUPOL,arturo-lupoli
LVHLG,luigi-lavecchia
LVLCP,lucas-leiva
LVQPG,claud-adjapong
LVRJNR,maxime-leverbe
LVRMLN,maximiliano-olivera
LVRPB,pablo-alvarez
LVRPL,pablo-alvarez
LVRRC,ricardo-alvarez
LWQFZ,matteo-gasperi
LYMJWD,jawad-el-yamiq
LYNNVC,lyanco
LZRCH,achraf-lazaar
LZWBG,samuel-bastien
LZZCR,christian-terlizzi
LZZNDR,alessandro-lazzarini
LZZRN,andrea-lazzari
MAGNA,francesco-magnanelli
MAIGI,giampiero-maini
MALLEA,aly-malle-
MALRO,roberto-maltagliati
MANAM,amedeo-mangone
MANCS,matteo-mancosu
MANPAL,paolo-mandelli
MARCOA,aurelio-marco
MARDA,dario-marcolin
MAREC,victor-mareco
MARMA,massimo-marazzina
MARPT,pietro-marino
MASRI,riccardo-maspero
MATERA,paolo-matera
MATFLO,matjaz-florijancic
MAUROS,maurizio-rossi
MBBRH,ibrahima-mbaye
MBKJY,jerry-mbakogu
MBLCR,carlos-embalo
MCCMS,massimo-maccarone
MCDMR,macdonald-mariga
MCHLV,levan-mchedlidze
MCLLSS,alessio-miceli
MDBDC,mobido-diakite-
MDRBRT,roberto-amodio
MDRRR,iuri-medeiros
MDRZQ,hans-hateboer
MELIMA,marco-meli
MGGMT,mattia-maggio
MGHNT,innocent-emeghara
MGLFR,francesco-migliore
MGLMR,martin-miglionico
MGMRF,nicolas-castillo
MGNHR,hordur-magnusson
MHSBL,mirko-esposito
MICSA,salvatore-miceli
MILMA,mauro-milanese
MKNST,stephen-makinwa
MKSNK,nikola-maksimovic
MLBKRT,alexander-kert-molberg
MLCFD,federico-melchiorri
MLCHJ,hrvoje-milicevic
MLCRVJ,hrvoje-milic
MLGBR,gabriel-meli
MLGLPP,filippo-melegoni
MLKLN,leonardo-maloku
MLKRK,arkadiusz-milik
MLKSR,sergej-milinkovic-savic
MLLCNZ,vincenzo-millico
MLLMR,marco-mallus
MLLRF,raffaele-maiello
MLNMT,omar-milanetto
MLNNKL,nikola-milenkovic
MLNRC,cristian-molinaro
MLNVNJ,vanja-milinkovic-savic
MLRMT,matteo-melara
MMBCR,ciro-immobile
MMLPT,pietro-iemmello
MMSLD,ledian-memushaj
MNCGW,gianluca-mancini
MNCSL,salvatore-monaco
MNDPD,pedro-mendes
MNDRL,rolando-mandragora
MNFCH,christian-manfredini
MNFRA,francesco-mancini
MNGCC,emanuele-giaccherini
MNJRY,rey-manaj
MNLCL,emanuele-calaio-
MNLKS,kostas-manolas
MNLPC,manuel-pucciarelli
MNNND,daniele-mannini
MNPLG,luigi-monopoli
MNRMC,michelangelo-minieri
MNTLV,riccardo-montolivo
MNTMS,massimo-minetti
MNZFB,fabian-monzon
MOLIN,federico-molinari
MOREL,mauro-morello
MPHZX,lucas-boye-
MQKQR,andrea-danzi
MQMDC,luca-garritano
MQWCL,andrea-liotti
MRCCL,claudio-marchisio
MRCCM,marco-marchionni
MRCMW,mauricio
MRCRW,robert-muric
MRCSR,sergio-marcon
MRDDV,davide-mordini
MRGLS,alessandro-murgia
MRGMC,michel-morganella
MRGMS,massimo-margiotta
MRJJJ,joao-mario
MRJSJ,jose-mauri
MRKCLK,luka-markovic
MRLCQ,luca-mora
MRLGCM,giacomo-murelli
MRLGD,guido-marilungo
MRLLL,enrico-morello
MRLLS,luis-muriel
MRMTK,takayuki-morimoto
MRNFR,francesco-marianini
MRNHC,hector-moreno
MRNNT,antonio-mirante
MRNRCC,ferruccio-mariani
MRNTFN,stefano-marini
MRPRM,marcello-premoli
MRRLC,luca-marrone
MRRNC,nicola-murru
MRROS,marco-rossi
MRSCDM,adam-marusic
MRSNT,antonio-marasco
MRSNZ,enzo-maresca
MRSPL,emerson-palmieri
MRSRM,ramos-emerson
MRTBX,bruno-martella
MRTCN,aleksandar-trajkovski
MRTD9,dries-mertens
MRTDVD,davide-moretti
MRTGL,gilberto-martinez
MRTMB,emiliano-moretti
MRTRP,raphael-martinho
MRXXX,amauri
MRZMT,matias-martinez
MSBNS,massimiliano-benassi
MSCVD,vedin-music
MSHMT,mateo-musacchio
MSLLA,andrea-masiello
MSLSL,salvatore-masiello
MSNDM,adam-masina
MSQJY,jonny-mosquera
MTDBL,blaise-matuidi
MTHCR,carlos-matheu
MTRLS,alessandro-matri
MTRLX,alexandru-mitrita
MTSRY,ryder-matos
MTTDM,domenico-maietta
MTTFD,federico-mattiello
MUDYI,gaby-mudingayi
MUNTA,sulley-muntari
MYRYY,mauro-mayer
MZZLA,luca-mazzoni
MZZNN,antonio-mazzotta
MZZNR,andrea-mazzarani
NANIX,nani
NASTO,evangelos-nastos
NAVST,stefano-nava
NBMLV,oliver-n-siabamfumu
NCCST,costantin-nica
NCDRN,adriano-zancope-
NCLLG,luigi-anaclerio
NCLRLG,pierluigi-nicoli
NCLTT,marco-nicoletti
NCSFR,francesco-nicastro
NDJMR,mariano-andujar
NDLSN,sinisa-andelkovic
NDNVD,davide-biondini
NDRCHM,joachim-andersen
NDRDD,daniel-andersson
NDREUL,luis-ndreu
NDRFL,felipe-anderson
NDRNGZ,cengiz-under
NDRRB,anderson
NDSWZ,davide-frattesi
NERMA,maurizio-neri
NETOPE,pedro-neto
NGELO,angelo
NGLGB,gabriele-angella
NGLRR,roberto-inglese
NGLVNT,svante-ingelsson
NGRGN,gianmarco-ingrosso
NGRWW,luca-ungari
NGTYT,yuto-nagatomo
NGZGS,gaspar-iniguez
NHDNB,milan-djuric
NICELI,eligio-nicolini
NKLNC,nicolas-nkoulou
NLDMB,danilo-d-ambrosio
NLSDD,danilo-soddimo
NNLCN,luca-anania
NNMSK,maseko-nana
NNNRD,radja-nainggolan
NNWBD,pavol-bajza
NNZRMN,carmine-nunziata
NOCAN,antonio-nocerino
NQFXV,yann-karamoh
NQRMV,danilo-cataldi
NRDSS,alessandro-bernardini
NSGLR,lorenzo-insigne
NSLCR,cristian-ansaldi
NSTKLJ,ilija-nestorovski
NSTKLS,nikolaos-anastopoulos
NSTVL,valentin-nastase
NTLSC,luis-neto
NTNMN,antonio-montella
NTOSA,gleison-santos
NTRTR,artur-ionita
NWFZS,federico-dimarco
NZFRL,vincenzo-fiorillo
OBIJL,joel-obi
OBODO,christian-obodo
OBOLO,mauro-obolo
ODDMS,massimo-oddo
ORLANG,angelo-orlando
ORLPL,paolo-orlandoni
P-018,romani-tchanturia
P-023,andrew-gravillon
P-037,nicolas-garmendia
P-064,marco-pissardo
P-066,simone-edera
P-067,davide-buglio
P-160,luca-crosta
P-179,alberto-picchi
P-286,samuele-damiani
P-299,alessio-zini
P-341,vincenzo-ceci
P-395,niccolo-zanellato
P-404,ferdinando-del-sole
P-449,giuseppe-cuomo
P-498,giacomo-satalino
P-514,manuel-ferrini
P-517,luca-ranieri
P-519,thomas-bolis
P-533,nazareno-battista
P-542,francesco-forte
P-544,luca-pellegrini
P-557,riccardo-orsolini
P-639,marco-acatullo
P-732,vitja-valencic
P-826,andrea-romagnoli
P-827,manuel-de-luca
P-843,francesco-mele
P-889,xian-ghislaine-emmers
P-903,mattia-pitzalis
P-910,fabrizio-brignani
P-941,giuseppe-borello
P-945,gabriele-gori
P-948,zinho-vanheusden
P-970,antonio-candela
P-977,andrea-tessiore
P-978,michal-tomic
P-991,hamed-junior-traore
PADOI,simone-padoin
PADPA,pasquale-padalino
PAGGI,gianluca-pagliuca
PALOTT,ottavio-palladini
PALRF,raffaele-palladino
PAOLE,simone-paoletti
PARAN,aniello-parisi
PARPIE,pietro-parente
PARST,stefano-pardini
PAZZI,giampaolo-pazzini
PBLVB,iago-falque
PCCCC,massimo-paci
PCNCR,cristiano-piccini
PCRMR,marco-pecorari
PDLDN,daniele-padelli
PDVMC,michele-padovano
PECFA,fabio-pecchia
PEDRJ,joao-pedro
PERMA,marko-perovic
PERMT,matheus-pereira
PESMN,manolo-pestrin
PESSI,fabio-pessia
PETGN,gianluca-petrachi
PGLGL,gianluca-pegolo
PGLMK,mirko-pigliacelli
PGNCH,christian-puggioni
PGWCM,lorenzo-pellegrini
PGZCL,andrea-petagna
PIOLAM,lamberto-piovanelli
PIOSTE,stefano-pioli
PIOVE,alessandro-piovesan
PJCMR,marko-pjaca
PJNMR,miralem-pjanic
PJVNKL,nikola-pejovic
PLCRD,rodrigo-palacio
PLGLB,alberto-pelagotti
PLGRC,erick-pulgar
PLLMRC,marco-pullo
PLLPT,pietro-pellegri
PLLRNZ,lorenzo-peli
PLMCH,michele-paolucci
PLMNJS,jose-palomino
PLMSW,simone-palombi
PLNDR,andrea-poli
PLNHO,paulinho
PLSLB,alberto-paloschi
PLTGB,gabriele-paoletti
PLTGL,gabriel-paletta
PLTMX,matteo-politano
PLVLZ,lorenzo-polvani
PMDVG,miha-zajc
PMPMRC,marco-pompetti
PNDVG,goran-pandev
PNNGG,pinga
PNNLC,luca-paganini
PNRLX,alex-pinardi
PNSCR,carlo-pinsoglio
PNTCNZ,vincenzo-pinto
POGPAO,paolo-poggi
PONPA,paolo-ponzo
POTAL,alessandro-potenza
PPSMN,simone-pepe
PRBRY,brayan-perea
PRCFL,filippo-porcari
PRCGB,gabriele-perico
PRCVN,ivan-perisic
PRGMP,giampaolo-parisi
PRLGM,giampietro-perrulli
PRLMR,marco-parolo
PRMVS,vasyl-pryima
PRNLL,matteo-pero-nullo
PRNMX,mattia-perin
PRNNH,nicholas-pierini
PRNPT,pietro-perina
PRRFR,francesco-parravicini
PRRPM,pedro-pereira
PRSBR,bruno-peres
PRSGS,giuseppe-prestia
PRSLS,alessandro-parisi
PRTDG,diego-perotti
PRZGN,gino-peruzzi
PSCLR,lorenzo-pasciuti
PSCNE,fabio-pisacane
PSCRC,riccardo-piscitelli
PSCSM,simone-pesce
PSQCH,cristian-pasquato
PSQMN,manuel-pasqual
PSSDV,davide-possanzini
PTKBR,bruno-petkovic
PTPSW,zinedine-machach
PTRRL,bogdan-patrascu
PTTGN,ignacio-piatti
PTTST,stefano-pettinari
PULNI,nico-pulzetti
PVLLN,leonardo-pavoletti
PVNSM,simone-pavan
PVTMT,matteo-pivotto
PZZGC,giacomo-poluzzi
PZZGS,giuseppe-pezzella
PZZNL,nicola-pozzi
PZZRMN,german-pezzella
PZZSML,semuel-pizzignacco
QBBZL,rogerio
QBNBW,patrick-cutrone
QDTQG,carlos-carbonero
QGFLM,duje-cop
QGHMQ,bryan-dabo
QGLLG,fabio-quagliarella
QLNLB,alberto-aquilani
QRFPN,giovanni-crociata
QRZKS,toni-sunjic
QSLNB,francesco-faiella
QVBNF,andrea-pinamonti
QVPGW,fabio-aveni
QZWTT,benito-carbone
RANAL,luigi-rana
RAPMI,milan-rapaic
RAUTIN,nicola-rauti
RAVFA,fabrizio-ravanelli
RBNMT,matteo-rubin
RCCLG,luigi-riccio
RCCLSS,alessio-riccardi
RCFSZ,alessandro-bellemo
RCNWK,rafik-zekhnini
RCRMH,michele-arcari
RDLGR,gergely-rudolf
RDRHMS,thomas-rodriguez
RDRRC,ricardo-rodriguez
RDRRR,ribair-rodriguez
RDSTF,stefan-radu
RDVVN,ivan-radovanovic
RFFBN,raffaele-bianco
RFFRB,raffaele-rubino
RFFZL,luca-zanimacchia
RGGND,andrea-raggi
RGKGM,marijan-coric
RGMRK,marko-rog
RGNCH,christian-rigano-
RGNDN,daniele-rugani
RGNLC,luca-rigoni
RGNLD,reginaldo
RGNPPN,giuseppino-argentesi
RGNVS,vasco-regini
RGSMK,adam-ounas
RGSNT,antonino-ragusa
RHDMR,marcus-rohden
RIGNM,marco-rigoni
RJKSL,slobodan-rajkovic
RKCDJ,djordje-rakic
RKNBR,dawid-kownacki
RKTGD,luca-crecco
RLLLSS,alessio-rollandi
RLNLX,alexis-rolin
RLWQS,riccardo-bertozzi
RMGLS,alessio-romagnoli
RMGSM,simone-romagnoli
RMLBN,bogdan-lobont
RMLMZ,mattia-aramu
RMMRK,mirko-eramo
RMNCNZ,vincenzo-romano
RMRGS,gaston-ramirez
RMRJM,jaime-romero
RMRTLS,aristoteles-romero
RMSFLP,luiz-felipe
RMTSM,samuel-armenteros
RNAJS,pepe-reina
RNCND,andrea-ranocchia
RNCRL,carlos-arano
RNCSL,salvatore-aronica
RNCTM,tomas-rincon
RNDF0,fabian-rinaudo
RNDLN,leandro-rinaudo
RNGLX,angelo-rea
RNLCH,michele-rinaldi
RNLLS,alessandro-rinaldi
RNZFR,francesco-renzetti
RODXX,cristian-rodriguez
ROMCD,paul-codrea
ROMUL,romulo
ROSEL,fabio-roselli
ROSIL,aleandro-rosi
ROSMAS,massimiliano-rosa
RQRCR,cristobal-jorquera
RRRLX,alex-ferrari
RRRST,stefano-ferrario
RSNLS,alessandro-rosina
RSPGCM,giacomo-raspadori
RSPND,andrea-rispoli
RSSFN,francesco-rossi
RSSMR,marco-rossi
RSSSL,salvatore-russo
RSSVR,valerio-rosseti
RSTSF,stefan-ristovski
RSTSM,simone-aresti
RTJSTN,christian-rutjens-oliva
RTTMT,amato-ciciretti
RUIMR,mario-rui
RUSSOP,pio-francesco-russo
RVSMB,emanuel-rivas
RZZLC,luca-rizzo
RZZTFN,stefano-razzetti
SANDR,sandro
SARLG,luigi-sartor
SBLST,stefano-sabelli
SCAAL,alessio-scarpi
SCCDV,davide-succi
SCDRC,gabriel
SCGHX,sasa-lukic
SCHER,eros-schiavon
SCHPQ,patrik-schick
SCHPS,pasquale-schiattarella
SCHWAL,walter-schachner
SCINIC,nicolo-sciacca
SCMNLC,gianluca-scamacca
SCNGB,gabriele-scandurra
SCNNTN,antonio-sconziano
SCPMS,massimo-scoponi
SCRAN,antonio-scro-
SCRCHL,michael-scarf
SEPLG,luigi-sepe
SERILU,luca-seri
SERMA,matteo-sereni
SERNA,jorge-serna
SESTU,alessio-sestu
SFRHR,haris-seferovic
SGHMN,emanuele-suagher
SGNBK,bacary-sagna
SGNFC,franco-signorelli
SGPWF,everton-luiz
SGZDD,federico-ricci
SIMONI,luigi-simoni
SIRIG,salvatore-sirigu
SKLRV,ervin-skela
SKRLZ,lukasz-skorupski
SLBCC,salvatore-bocchetti
SLCHNY,eddie-salcedo
SLGLC,luca-siligardi
SLHNW,diego-rossetto
SLJCP,jacopo-sala
SLJCZ,cazim-suljic
SLLRD,roland-sallai
SLMBR,bartosz-salamon
SLSRN,ransford-selasi
SLVJH,jonathan-silva
SLVMT,matias-silvestre
SLVNW,andre-silva
SLVTFN,stefan-silva
SMARC,marco-sau
SMCRNC,lorenco-simic
SMCST,stefan-simic
SMDQT,gabriele-moncini
SMHKW,kwadwo-asamoah
SMKDRL,badra-ali-samake-
SMMPL,paolo-sammarco
SMNDG,diego-pablo-simeone
SMNVNN,giovanni-simeone
SMSMR,mario-sampirisi
SMSSR,simone-missiroli
SMYTN,simy
SNCLS,carlos-sanchez
SNCMTT,matteo-soncin
SNCND,andrea-soncin
SNDLX,alex-sandro
SNGRG,rigobert-song
SNGRKY,siriky-sanogo
SNLBR,alberto-frison
SNRNT,antonio-santurro
SNTDM,fabiano-santacroce
SNTDV,davide-santon
SNTMN,andrea-sentimenti
SNTSL,saul-santarelli
SOGSEA,sean-sogliano
SOMVI,vincenzo-sommese
SPLNF,nicolas-spolli
SPNLN,leonardo-spinazzola
SPNRD,riccardo-saponara
SPRDLC,luca-sparandeo
SPRMX,marco-sportiello
SPSTN,andrea-esposito
SPSVTR,salvatore-esposito
SPXMW,darko-lazovic
SPYSM,samuel-souprayen
SRGVN,giovanni-serao
SRMDLF,adolfo-sormani
SRRBD,badara-sarr
SSGTT,massimo-gotti
SSRLN,massimiliano-carlini
SSRMLN,massimiliano-ossari
SSSWW,andrea-sussi
SSTFM,lukas-haraslin
SSTND,andrea-russotto
STEFMA,marco-steffani
STEGI,giorgio-sterchele
STEMR,marco-stella
STJPVC,ognjen-stijepovic
STKMZ,mariusz-stepinski
STLCH,stephan-lichtsteiner
STLLNX,cristian-stellini
STNCR,cristhian-stuani
STNDN,adrian-stoian
STNGG,guglielmo-stendardo
STOMAS,massimo-storgato
STRAL,aljaz-struna
STRKN,kevin-strootman
STRMR,marco-storari
STRRSN,jens-stryger-larsen
STRSN,stefano-sturaro
STRSS,rodney-strasser
STTVQ,filippo-romagna
SULSA,salvatore-sullo
SWVMG,joao-schmidt
SXKWM,daniele-bartolini
SZCZW,wojciech-szczesny
SZJSS,suso
TARMAS,massimo-tarantino
TBNND,andrea-tabanelli
TBPFV,alfred-gomis
TCHPN,panagiotis-tachtsidis
TCLQD,pol-lirola
TDDRC,riccardo-taddei
TDGXH,alberto-grassi
TDRSP,saphir-taider
TEDGC,giacomo-tedesco
TEDGI,giovanni-tedesco
TENAN,andrea-tentoni
TFHZG,thomas-strakosha
TFXQR,senna-miangue
TGNLC,luca-tognozzi
THMMM,mame-thiam
THRCY,cyril-thereau
TLLND,andres-tello
TLWRG,dino-baggio
TMCGR,goran-tomic
TMMMR,marco-tumminello
TMMND,andrea-tummiolo
TMSST,stjepan-tomas
TMVNN,nenad-tomovic
TNLLN,lorenzo-tonelli
TNQXB,andrea-conti
TNVLK,aleksandar-tonev
TONLU,luca-toni
TPBTF,michele-cerofolini
TQGBW,gianluigi-donnarumma
TQSQW,andrea-nalini
TRAPA,paolo-tramezzani
TRBDL,adel-taarabt
TRBLG,luigi-turbacci
TRCHN,juan-turchi
TRDMH,michele-tardioli
TRLND,arlind-ajeti
TRMNC,nicola-strambelli
TRRMNL,emanuele-torrasi
TRSVL,vassilis-torosidis
TRTMR,marcello-trotta
TRZCL,claudio-terzi
TSCLN,alin-dorinel-tosca
TSDRNK,frank-tsadjout
TSNGX,ismael-taider
TSSLZ,lorenzo-tassi
TSTVT,vittorio-tosto
TSVCW,david-ivan
TTDLC,luca-di-matteo
TTHJH,joseph-tetteh
TTMRS,matteo-rossi
TURLU,luigi-turci
TWKZC,leonardo-marson
TWZZG,simone-caruso
TXRJR,jorge-teixeira
TZVDG,riccardo-sottil
TZZND,andrea-tozzo
VALDI,mirko-valdifiori
VALFE,federico-valorsi
VANLEO,leonard-van-utrecht
VBVMP,davide-calabria
VBWQH,souleymane-doukara
VCNMT,matias-vecino
VCZHW,marcelo-brozovic
VDPET,davide-petrachi
VDVNC,vincenzo-vado
VDWGR,gregory-van-der-wiel
VERCOR,corrado-verdelli
VERSM,simone-vergassola
VGNFB,fabio-vignaroli
VGNLC,luca-vigiani
VGNWN,federico-ravaglia
VGTFB,alberto-cerri
VHZCN,samir
VITRB,roberto-vitiello
VIVFAB,fabio-viviani
VKJRGN,dragan-vukoja
VKVJG,jagos-vukovic
VLAGOR,goran-vlaovic
VLBNN,nicolas-viola
VLBTV,gabriele-marchegiani
VLDCR,carlos-valdez
VLFRN,francesco-valiani
VLLRN1,lorenzo-valeau
VLNCJN,juan-valencia
VLNNH,nahuel-valentini
VLOSO,miguel-veloso
VLPSQ,alessio-viola
VLPVNN,giovanni-volpicelli
VLTMS,massimo-volta
VLTMT,mattia-valoti
VLVNM,jeremie-broh
VLWLL,william-viali
VLZLC,luca-valzania
VLZNLC,gianluca-volzone
VNNGH,ighli-vannucchi
VNTFP,lucas-torreira
VNTLZ,lorenzo-venuti
VRDSM,simone-verdi
VRGVN,ivan-vargic
VRLSL,silvestre-varela
VRRVL,valerio-verre
VRSCMK,mak-varesanovic
VRTJR,jordan-veretout
VRYZAS,zisis-vryzas
VSCBL,blazej-vascak
VSKFLP,filip-vasko
VSLFR,frederic-veseli
VSNNSL,sauli-vaisanen
VSSDM,adam-vass
VSTGN,gaetano-vastola
VTLTT,mattia-vitale
VVNFR,federico-viviani
VVNML,emiliano-viviano
VXKVT,amadou-diawara
VXPZB,norbert-balogh
WCHXC,josip-posavec
WDMSL,silvan-widmer
WFBRD,leonardo-rivoira
WGMLL,molla-wague
WILKE,wilker-pereira
WKMTF,luca-pipoli
WLLDS,wallace
WNDRW,ewandro
WQKBP,federico-gino
WRQNT,leonardo-capezzi
WZNVZ,davide-vitturini
WZRPC,simone-branca
XANDO,marco-andreolli
XCBLP,tiago-dias
XDELL,hernan-paolo-dellafiore
XDMLZ,grigoris-kastanos
XFLVH,wesley-hoedt
XHLWW,kamil-wilczek
XKEKO,keko
XKSLH,diego-laxalt
XLXKS,mohamed-fares
XMEGG,riccardo-meggiorini
XMGRS,simone-mancini
XQPKK,florin-logofatu
XQXSZ,roberto-gagliardini
XSWTD,elio-capradossi
XTCHZ,solomon-nyantakyi
XTWGD,lisandro-lopez
XXCZK,stipe-perica
XXNLW,alex-meret
XZPFR,ouasim-bouy
XZPNB,stephane-omeonga
YSSVL,valentin-eysseric
ZANCR,cristiano-zanetti
ZANMA,marco-zanchi
ZAPPI,massimo-zappino
ZAULA,lamberto-zauli
ZBLDV,davide-zoboli
ZBLHR,cristian-dell-orco
ZBNNN,jonathan-zebina
ZCCRD,cristian-zaccardo
ZCLBR,bruno-zuculini
ZCMRN,mariano-izco
ZCWRH,stefano-sensi
ZDLQH,robin-quaison
ZEDRD,jose-ze-eduardo
ZEMAR,ze-maria
ZGSQW,federico-marini
ZHHVD,antonio-di-gaudio
ZKALA,zeljko-kalac
ZKNRV,ervin-zukanovic
ZLKPT,piotr-zielinski
ZLNNC,francesco-bolzoni
ZLTMC,marcelo-zalayeta
ZMBLL,marco-zambelli
ZMLKS,lukas-zima
ZMPFR,francesco-zampano
ZNLNCL,nicolo-zaniolo
ZNNPL,paolo-zanetti
ZPGRP,christopher-oikonomidis
ZPPDV,davide-zappacosta
ZPRDR,dario-zuparic
ZPTDV,duvan-zapata
ZPTLX,alexis-zapata
ZPTVL,christian-zapata
ZRBFR,francesco-zerbini
ZRKMD,marc-andre-zoro
ZVGNL,luciano-zavagno
ZZDRD,ze-eduardo
ZZRMN,armando-izzo
ZZXXX,mauricio-lemos
