ID,Cognome,Nome,nazionalita,File name
ABD-NIM-92,Abdel-Aziz,Nimir,NED,Nimir Abdel-Aziz (Legavolley 2017)
ACQ-ALE-99,Acquarone,Alessandro,ITA,Alessandro Acquarone (Legavolley 2017)
AGO-FIL-94,Agostini,Filippo,ITA,Filippo Agostini (Legavolley 2017)
ALB-ALE-98,Alberini,Alessio,ITA,Alessio Alberini (Legavolley 2017)
ALB-DAN-93,Albergati,Daniele,ITA,Daniele Albergati (Legavolley 2017)
ALE-CAI-96,Alexandre De Oliveira,Caio,BRA,Caio Alexandre De Oliveira (Legavolley 2017)
ALL-AIM-88,Alletti,Aimone,ITA,Aimone Alletti (Legavolley 2017)
AMO-FLA-97,Amouah,Flavio,ITA,Flavio Amouah (Legavolley 2017)
AND-AND-97,Andreini,Andrea,ITA,Andrea Andreini (Legavolley 2017)
AND-LEO-94,Andric,Leo,CRO,Leo Andric (Legavolley 2017)
ANS-ANT-90,Anselmo,Antonio,ITA,Antonio Anselmo (Legavolley 2017)
ANT-OLE-88,Antonov,Oleg,ITA,Oleg Antonov (Legavolley 2017)
ANZ-SIM-92,Anzani,Simone,ITA,Simone Anzani (Legavolley 2017)
ARE-FRA-93,Arezzo Di Trifiletti,Franco,ITA,Franco Arezzo Di Trifiletti (Legavolley 2017)
ARE-ROB-82,Arena,Roberto,ITA,Roberto Arena (Legavolley 2017)
ARG-AND-96,Argenta,Andrea,ITA,Andrea Argenta (Legavolley 2017)
ARI-ALE-93,Arienti,Alessandro,ITA,Alessandro Arienti (Legavolley 2017)
AST-FRA-93,Astarita,Francesco,ITA,Francesco Astarita (Legavolley 2017)
ATA-ALE-91,Atanasijevic,Aleksandar,SRB,Aleksandar Atanasijevic (Legavolley 2017)
AVE-TAY-92,Averill,Taylor,USA,Taylor Averill (Legavolley 2017)
BAC-LEO-00,Baciocco,Leonardo,ITA,Leonardo Baciocco (Legavolley 2017)
BAL-ALB-98,Baldazzi,Alberto,ITA,Alberto Baldazzi (Legavolley 2017)
BAL-FAB-95,Balaso,Fabio,ITA,Fabio Balaso (Legavolley 2017)
BAL-SIM-98,Baldari,Simone,ITA,Simone Baldari (Legavolley 2017)
BAR-AND-80,Bari,Andrea,ITA,Andrea Bari (Legavolley 2017)
BAR-FED-93,Bargi,Federico,ITA,Federico Bargi (Legavolley 2017)
BAR-MIC-89,Baranowicz,Michele,ITA,Michele Baranowicz (Legavolley 2017)
BAR-MIR-97,Baratti,Mirko,ITA,Mirko Baratti (Legavolley 2017)
BAR-ROC-87,Barone,Rocco,ITA,Rocco Barone (Legavolley 2017)
BAS-NIC-96,Bassanello,NicolĂ²,ITA,NicolĂ² Bassanello (Legavolley 2017)
BAT-LEO-95,Battista,Leonardo,ITA,Leonardo Battista (Legavolley 2017)
BEL-ALB-87,Bellini,Alberto,ITA,Alberto Bellini (Legavolley 2017)
BEL-GIA-88,Bellei,Giacomo,ITA,Giacomo Bellei (Legavolley 2017)
BEL-MAT-97,Beltrami,Matteo,ITA,Matteo Beltrami (Legavolley 2017)
BEN-DAV-89,Benaglia,Davide,ITA,Davide Benaglia (Legavolley 2017)
BEN-MIL-87,Bencz,Milan,SVK,Milan Bencz (Legavolley 2017)
BER-ALE-88,Berger,Alexander,AUT,Alexander Berger (Legavolley 2017)
BER-DIE-86,Bernieri Di Lucca,Diego,ITA,Diego Bernieri Di Lucca (Legavolley 2017)
BER-GIU-95,Bernardi,Giuseppe,ITA,Giuseppe Bernardi (Legavolley 2017)
BER-MAT-88,Bertoli,Matteo,ITA,Matteo Bertoli (Legavolley 2017)
BER-MIC-99,Bergoli,Michele,ITA,Michele Bergoli (Legavolley 2017)
BER-THO-90,Beretta,Thomas,ITA,Thomas Beretta (Legavolley 2017)
BIA-FED-01,Bianchini,Federico,ITA,Federico Bianchini (Legavolley 2017)
BIA-MAN-01,Biasotto,Manuel,ITA,Manuel Biasotto (Legavolley 2017)
BIG-LUC-91,Bigarelli,Luca,ITA,Luca Bigarelli (Legavolley 2017)
BIG-OMA-95,Biglino,Omar,ITA,Omar Biglino (Legavolley 2017)
BIR-EMA-81,Birarelli,Emanuele,ITA,Emanuele Birarelli (Legavolley 2017)
BIS-FAB-94,Bisi,Fabio,ITA,Fabio Bisi (Legavolley 2017)
BIS-GIA-83,Bisci,Gianluca,ITA,Gianluca Bisci (Legavolley 2017)
BLE-NIC-92,Bleggi,NicolĂ²,ITA,NicolĂ² Bleggi (Legavolley 2017)
BOE-FIL-93,Boesso,Filippo,ITA,Filippo Boesso (Legavolley 2017)
BOF-MAT-96,Boffi,Matteo,ITA,Matteo Boffi (Legavolley 2017)
BOL-MAT-90,Bolla,Matteo,ITA,Matteo Bolla (Legavolley 2017)
BON-DUS-95,Bonacic,Dusan,CHI,Dusan Bonacic (Legavolley 2017)
BON-FED-93,Bonami,Federico,ITA,Federico Bonami (Legavolley 2017)
BON-LUC-98,Bonisoli,Luca Maria,ITA,Luca Maria Bonisoli (Legavolley 2017)
BON-SIM-92,Bonante,Simone,ITA,Simone Bonante (Legavolley 2017)
BOR-LUC-93,Borgogno,Luca,ITA,Luca Borgogno (Legavolley 2017)
BOR-MAT-89,Bortolozzo,Matteo,ITA,Matteo Bortolozzo (Legavolley 2017)
BOR-RIC-94,Bortolini,Riccardo,ITA,Riccardo Bortolini (Legavolley 2017)
BOS-ELI-94,Bossi,Elia,ITA,Elia Bossi (Legavolley 2017)
BOS-EMA-97,Bosio,Emanuele,ITA,Emanuele Bosio (Legavolley 2017)
BOS-GIU-86,Boscaini,Giuseppe,ITA,Giuseppe Boscaini (Legavolley 2017)
BOS-HID-95,Boswinkel,Hidde,NED,Hidde Boswinkel (Legavolley 2017)
BOT-IAC-87,Botto,Iacopo,ITA,Iacopo Botto (Legavolley 2017)
BRA-JAC-89,Brandi,Jacopo,ITA,Jacopo Brandi (Legavolley 2017)
BRA-NIC-94,Brandi,NicolĂ²,ITA,NicolĂ² Brandi (Legavolley 2017)
BRA-ROB-84,Braga,Roberto,ITA,Roberto Braga (Legavolley 2017)
BRE-TIZ-94,Bressan,Tiziano,ITA,Tiziano Bressan (Legavolley 2017)
BRI-AND-97,Briata,Andrea,ITA,Andrea Briata (Legavolley 2017)
BRI-MAT-98,Briglia,Mattia,ITA,Mattia Briglia (Legavolley 2017)
BRU-DAV-95,Brunetti,Davide,ITA,Davide Brunetti (Legavolley 2017)
BRU-VIT-95,Bruno,Vito,ITA,Vito Bruno (Legavolley 2017)
BUC-LUC-95,Bucciarelli,Luca,ITA,Luca Bucciarelli (Legavolley 2017)
BUC-PAU-96,Buchegger,Paul,AUT,Paul Buchegger (Legavolley 2017)
BUT-LUC-91,Butti,Luca,ITA,Luca Butti (Legavolley 2017)
BUT-SIM-83,Buti,Simone,ITA,Simone Buti (Legavolley 2017)
BUZ-PIE-90,Buzzelli,Pierlorenzo,ITA,Pierlorenzo Buzzelli (Legavolley 2017)
CAC-LOU-98,Caccioppola,Louis,ITA,Louis Caccioppola (Legavolley 2017)
CAL-BER-93,Calistri,Bernardo,ITA,Bernardo Calistri (Legavolley 2017)
CAL-LOR-81,Calonico,Lorenzo,ITA,Lorenzo Calonico (Legavolley 2017)
CAL-SIM-95,Calarco,Simone,ITA,Simone Calarco (Legavolley 2017)
CAN-BRU-90,Canuto,Bruno,BRA,Bruno Canuto (Legavolley 2017)
CAN-DAV-89,Candellaro,Davide,ITA,Davide Candellaro (Legavolley 2017)
CAN-DIE-99,Cantagalli,Diego,ITA,Diego Cantagalli (Legavolley 2017)
CAN-EDO-97,Caneschi,Edoardo,ITA,Edoardo Caneschi (Legavolley 2017)
CAN-GIO-94,Candeago,Giovanni,ITA,Giovanni Candeago (Legavolley 2017)
CAR-ANT-94,Cargioli,Antonio,ITA,Antonio Cargioli (Legavolley 2017)
CAR-EDE-83,Carbonera,Eder,BRA,Eder Carbonera (Legavolley 2017)
CAR-LUD-92,Carminati,Ludovico,ITA,Ludovico Carminati (Legavolley 2017)
CAS-ALB-84,Casadei,Alberto,ITA,Alberto Casadei (Legavolley 2017)
CAS-CES-83,Casulli,Cesare,ITA,Cesare Casulli (Legavolley 2017)
CAT-CLA-97,Cattaneo,Claudio,ITA,Claudio Cattaneo (Legavolley 2017)
CAT-STE-92,Catena,Stefano,ITA,Stefano Catena (Legavolley 2017)
CAV-DOM-87,Cavaccini,Domenico,ITA,Domenico Cavaccini (Legavolley 2017)
CAV-ORE-96,Cavuto,Oreste,ITA,Oreste Cavuto (Legavolley 2017)
CAZ-ROB-79,Cazzaniga,Roberto,ITA,Roberto Cazzaniga (Legavolley 2017)
CEB-KLE-92,Cebulj,Klemen,SLO,Klemen Cebulj (Legavolley 2017)
CEC-NIC-88,Cecato,Nicola,ITA,Nicola Cecato (Legavolley 2017)
CER-MAT-78,Cernic,Matej,ITA,Matej Cernic (Legavolley 2017)
CES-AND-87,Cesarini,Andrea,ITA,Andrea Cesarini (Legavolley 2017)
CES-DAV-97,Cester,Davide,ITA,Davide Cester (Legavolley 2017)
CES-ENR-88,Cester,Enrico,ITA,Enrico Cester (Legavolley 2017)
CET-LEA-86,Cetrullo,Leano,ITA,Leano Cetrullo (Legavolley 2017)
CHA-ALE-98,Chadtchyn,Alexander,ITA,Alexander Chadtchyn (Legavolley 2017)
CHI-MAT-93,Chiappa,Matteo,ITA,Matteo Chiappa (Legavolley 2017)
CHR-MIC-93,Christenson,Micah,USA,Micah Christenson (Legavolley 2017)
CIO-MAS-92,Cioffi,Massimiliano,ITA,Massimiliano Cioffi (Legavolley 2017)
CIR-LAZ-92,Cirovic,Lazar,SRB,Lazar Cirovic (Legavolley 2017)
CIS-ALB-77,Cisolla,Alberto,ITA,Alberto Cisolla (Legavolley 2017)
CIU-FIL-94,Ciulli,Filippo,ITA,Filippo Ciulli (Legavolley 2017)
CLE-TRE-94,Clevenot,Trevor,FRA,Trevor Clevenot (Legavolley 2017)
COD-LOR-96,Codarin,Lorenzo,ITA,Lorenzo Codarin (Legavolley 2017)
COL-LEO-96,Colli,Leonardo,ITA,Leonardo Colli (Legavolley 2017)
COL-MAS-85,Colaci,Massimo,ITA,Massimo Colaci (Legavolley 2017)
COM-ROB-97,Cominetti,Roberto,ITA,Roberto Cominetti (Legavolley 2017)
COP-RIC-96,Copelli,Riccardo,ITA,Riccardo Copelli (Legavolley 2017)
COR-AND-99,Cordano,Andrea,ITA,Andrea Cordano (Legavolley 2017)
COR-ANT-77,Corvetta,Antonio,ITA,Antonio Corvetta (Legavolley 2017)
COR-EMI-85,Cortellazzi,Emiliano,ITA,Emiliano Cortellazzi (Legavolley 2017)
COR-FRA-97,Corrado,Francesco,ITA,Francesco Corrado (Legavolley 2017)
COR-LOR-99,Cortesia,Lorenzo,ITA,Lorenzo Cortesia (Legavolley 2017)
COS-DEI-88,Costa,Deivid Junior,BRA,Deivid Junior Costa (Legavolley 2017)
COS-MAN-80,Coscione,Manuel,ITA,Manuel Coscione (Legavolley 2017)
COS-RIC-93,Costanzi,Riccardo,ITA,Riccardo Costanzi (Legavolley 2017)
COT-FRA-96,Cottarelli,Francesco,ITA,Francesco Cottarelli (Legavolley 2017)
CRE-KER-97,Crescini,Keriann,ITA,Keriann Crescini (Legavolley 2017)
CRI-MIR-96,Cristofaletti,Mirco,ITA,Mirco Cristofaletti (Legavolley 2017)
CRO-DAN-94,Cro',Daniele,ITA,Daniele Cro' (Legavolley 2017)
CRU-NAN-96,Cruz,Nandy,ITA,Nandy Cruz (Legavolley 2017)
CUB-MAR-92,Cubito,Marco,ITA,Marco Cubito (Legavolley 2017)
CUL-MIL-86,Culafic,Milos,MNE,Milos Culafic (Legavolley 2017)
DAL-GIA-01,Dal Corso,Gianluca,ITA,Gianluca Dal Corso (Legavolley 2017)
DAL-NIC-83,Daldello,Nicola,ITA,Nicola Daldello (Legavolley 2017)
DAM-FRA-99,D'Amico,Francesco,ITA,Francesco D'Amico (Legavolley 2017)
DAN-SIM-98,Danielli,Simone,ITA,Simone Danielli (Legavolley 2017)
DEA-CAR-96,De Angelis,Carlo,ITA,Carlo De Angelis (Legavolley 2017)
DEC-LUC-88,De Cecco,Luciano,ARG,Luciano De Cecco (Legavolley 2017)
DEF-PAO-95,De Fabritiis,Giacomo,ITA,Giacomo De Fabritiis (Legavolley 2017)
DEL-DOR-84,Della Lunga,Dore,ITA,Dore Della Lunga (Legavolley 2017)
DEL-FRA-87,Del Vecchio,Francesco,ITA,Francesco Del Vecchio (Legavolley 2017)
DEL-MAT-99,Della Rosa,Mattia,ITA,Mattia Della Rosa (Legavolley 2017)
DEM-FRA-86,De Marchi,Francesco,ITA,Francesco De Marchi (Legavolley 2017)
DEP-ANT-88,De Paola,Antonio,ITA,Antonio De Paola (Legavolley 2017)
DEP-DAN-84,De Pandis,Daniele,ITA,Daniele De Pandis (Legavolley 2017)
DES-DAN-93,De Santis,Danilo,ITA,Danilo De Santis (Legavolley 2017)
DES-SAV-99,De Santis,Saverio,ITA,Saverio De Santis (Legavolley 2017)
DET-GIO-85,De Togni,Giorgio,ITA,Giorgio De Togni (Legavolley 2017)
DIA-ENR-93,Diamantini,Enrico,ITA,Enrico Diamantini (Legavolley 2017)
DIC-AND-99,Di Carlo,Andrea,ITA,Andrea Di Carlo (Legavolley 2017)
DIM-PIE-82,Di Meo,Pietro,ITA,Pietro Di Meo (Legavolley 2017)
DIR-LEO-93,Di Renzo,Leonardo,ITA,Leonardo Di Renzo (Legavolley 2017)
DIS-PAO-98,Di Silvestre,Paolo Luigi,ITA,Paolo Luigi Di Silvestre (Legavolley 2017)
DIT-SIM-82,Di Tommaso,Simone,ITA,Simone Di Tommaso (Legavolley 2017)
DJU-MIT-89,Djuric,Mitar,GRE,Mitar Djuric (Legavolley 2017)
DOL-LUD-89,Dolfo,Ludovico,ITA,Ludovico Dolfo (Legavolley 2017)
DOM-DAM-98,Domagala,Damian,POL,Damian Domagala (Legavolley 2017)
DUN-ALE-94,Duncan-Thibault,Alex,CAN,Alex Duncan-Thibault (Legavolley 2017)
DZA-DON-97,Dzavoronok,Donovan,CZE,Donovan Dzavoronok (Legavolley 2017)
ELI-ALB-85,Elia,Alberto,ITA,Alberto Elia (Legavolley 2017)
ERA-ALE-94,Erati,Alex,ITA,Alex Erati (Legavolley 2017)
ESP-DAV-95,Esposito,Davide,ITA,Davide Esposito (Legavolley 2017)
FAB-MAR-81,Fabroni,Marco,ITA,Marco Fabroni (Legavolley 2017)
FAB-TOM-96,Fabi,Tommaso,ITA,Tommaso Fabi (Legavolley 2017)
FAN-FAB-85,Fanuli,Fabio,ITA,Fabio Fanuli (Legavolley 2017)
FAN-JAC-98,Fantini,Jacopo,ITA,Jacopo Fantini (Legavolley 2017)
FED-FIL-00,Federici,Filippo,ITA,Filippo Federici (Legavolley 2017)
FED-MIC-91,Fedrizzi,Michele,ITA,Michele Fedrizzi (Legavolley 2017)
FEI-ALE-78,Fei,Alessandro,ITA,Alessandro Fei (Legavolley 2017)
FER-ATH-88,Ferreira Costa,Athos,BRA,Athos Ferreira Costa (Legavolley 2017)
FER-JAC-98,Ferrari,Jacopo,ITA,Jacopo Ferrari (Legavolley 2017)
FER-MAR-87,Ferraro,Mario,ITA,Mario Ferraro (Legavolley 2017)
FER-STE-00,Ferri,Stefano,ITA,Stefano Ferri (Legavolley 2017)
FES-ROB-94,Festi,Roberto,ITA,Roberto Festi (Legavolley 2017)
FEY-KUP-95,Fey,Kupono,USA,Kupono Fey (Legavolley 2017)
FIN-JUA-91,Finoli,Juan Ignacio,ARG,Juan Ignacio Finoli (Legavolley 2017)
FIN-MIC-93,Finger,Michal,CZE,Michal Finger (Legavolley 2017)
FIO-ALE-82,Fiore,Alessio,ITA,Alessio Fiore (Legavolley 2017)
FIO-FED-80,Fiori,Federico,ITA,Federico Fiori (Legavolley 2017)
FOR-NIC-95,Fortunato,Nicola,ITA,Nicola Fortunato (Legavolley 2017)
FR2-AND-89,Franzoni,Andrea,ITA,Andrea Franzoni (Legavolley 2017)
FRA-ALE-83,Franceschini,Alessandro,ITA,Alessandro Franceschini (Legavolley 2017)
FRA-ALE-97,Frattini,Alessandro,ITA,Alessandro Frattini (Legavolley 2017)
FRA-JEN-95,Franciskovic,Jennings,USA,Jennings Franciskovic (Legavolley 2017)
FRI-THO-97,Frigo,Thomas,ITA,Thomas Frigo (Legavolley 2017)
FUS-PAS-97,Fusco,Pasquale,ITA,Pasquale Fusco (Legavolley 2017)
GAL-AND-88,Galliani,Andrea,ITA,Andrea Galliani (Legavolley 2017)
GAL-GIA-97,Galassi,Gianluca,ITA,Gianluca Galassi (Legavolley 2017)
GAL-YOR-90,Galabinov,Yordan,ITA,Yordan Galabinov (Legavolley 2017)
GAR-DAV-99,Gardini,Davide,ITA,Davide Gardini (Legavolley 2017)
GAR-FAB-98,Garofolo,Fabrizio,ITA,Fabrizio Garofolo (Legavolley 2017)
GAR-FER-80,Garnica,Fernando Gabriel,ITA,Fernando Gabriel Garnica (Legavolley 2017)
GAR-GIO-99,Gargiulo,Giovanni Maria,ITA,Giovanni Maria Gargiulo (Legavolley 2017)
GAS-MAS-80,Gaspari,Massimo,ITA,Massimo Gaspari (Legavolley 2017)
GEN-MAR-00,Gentilini,Marco,ITA,Marco Gentilini (Legavolley 2017)
GEO-KRA-95,Georgiev,Krasimir,BUL,Krasimir Georgiev (Legavolley 2017)
GIA-MAR-90,Giacobelli,Mario,ITA,Mario Giacobelli (Legavolley 2017)
GIA-STE-89,Giannotti,Stefano,ITA,Stefano Giannotti (Legavolley 2017)
GIO-ALE-77,Giosa,Alessandro,ITA,Alessandro Giosa (Legavolley 2017)
GIO-AND-83,Giovi,Andrea,ITA,Andrea Giovi (Legavolley 2017)
GIT-CAR-87,Gitto,Carmelo,ITA,Carmelo Gitto (Legavolley 2017)
GIU-LUD-98,Giuliani,Ludovico,ITA,Ludovico Giuliani (Legavolley 2017)
GOI-RIC-92,Goi,Riccardo,ITA,Riccardo Goi (Legavolley 2017)
GOM-RIC-91,Gomes Do Rego Junior,Ricardo,BRA,Ricardo Gomes Do Rego Junior (Legavolley 2017)
GOZ-STE-94,Gozzo,Stefano,ITA,Stefano Gozzo (Legavolley 2017)
GRA-ALE-91,Graziani,Alessandro,ITA,Alessandro Graziani (Legavolley 2017)
GRA-CES-88,Gradi,Cesare,ITA,Cesare Gradi (Legavolley 2017)
GRA-MIC-86,Grassano,Michele,ITA,Michele Grassano (Legavolley 2017)
GRA-TOM-94,Grassi,Tommaso,ITA,Tommaso Grassi (Legavolley 2017)
GRE-JEN-90,Grebennikov,Jenia,FRA,Jenia Grebennikov (Legavolley 2017)
GRO-ALE-98,Grozdanov,Aleks,BUL,Aleks Grozdanov (Legavolley 2017)
GUT-MIG-97,Gutierrez,Miguel,CUB,Miguel Gutierrez (Legavolley 2017)
HAG-GUI-88,Magnani Hage,Guilherme,BRA,Guilherme Magnani Hage (Legavolley 2017)
HEB-MIL-91,Hebda,Milosz,POL,Milosz Hebda (Legavolley 2017)
HEL-TIM-98,Held,Tim,ITA,Tim Held (Legavolley 2017)
HER-TAM-93,Hershko,Tamir Avraham,ISR,Tamir Avraham Hershko (Legavolley 2017)
HIR-SIM-92,Hirsch,Simon,GER,Simon Hirsch (Legavolley 2017)
HOA-NIC-92,Hoag,Nicholas,CAN,Nicholas Hoag (Legavolley 2017)
HOD-THO-94,Hodges,Thomas,AUS,Thomas Hodges (Legavolley 2017)
HOL-MAX-87,Holt,Maxwell Philip,USA,Maxwell Philip Holt (Legavolley 2017)
HOO-SJO-91,Hoogendoorn,Sjoerd,NED,Sjoerd Hoogendoorn (Legavolley 2017)
IGL-ART-95,Iglesias,Arturo,PUR,Arturo Iglesias (Legavolley 2017)
ING-PAO-88,Ingrosso,Paolo,ITA,Paolo Ingrosso (Legavolley 2017)
INN-LUC-91,Innocenti,Luca,ITA,Luca Innocenti (Legavolley 2017)
IPP-AND-85,Ippolito,Andrea,ITA,Andrea Ippolito (Legavolley 2017)
ISH-YUK-95,Ishikawa,Yuki,JPN,Yuki Ishikawa (Legavolley 2017)
IZZ-MAR-94,Izzo,Marco,ITA,Marco Izzo (Legavolley 2017)
JAE-THO-93,Jaeschke,Thomas,USA,Thomas Jaeschke (Legavolley 2017)
JOV-IGO-90,Jovanovic,Igor,SRB,Igor Jovanovic (Legavolley 2017)
JOV-LUI-89,Joventino Venceslau,Luis Fernando,BRA,Luis Fernando Joventino Venceslau (Legavolley 2017)
JUA-OSM-85,Juantorena,Osmany,ITA,Osmany Juantorena (Legavolley 2017)
KAM-CON-94,Kaminski,Conrad,USA,Conrad Kaminski (Legavolley 2017)
KAT-NIC-98,Katalan,NicolĂ²,ITA,NicolĂ² Katalan (Legavolley 2017)
KIN-MAR-86,Kindgard,Martin Alberto,ITA,Martin Alberto Kindgard (Legavolley 2017)
KLI-KEV-90,Klinkenberg,Kevin,BEL,Kevin Klinkenberg (Legavolley 2017)
KOD-YVA-91,Kody,Yvan Arthur,CMR,Yvan Arthur Kody (Legavolley 2017)
KOR-LOR-93,Koraimann,Lorenz,AUT,Lorenz Koraimann (Legavolley 2017)
KOV-JIR-89,Kovar,Jiri,ITA,Jiri Kovar (Legavolley 2017)
KOV-URO-93,Kovacevic,Uros,SRB,Uros Kovacevic (Legavolley 2017)
KOZ-JAN-95,Kozamernik,Jan,SLO,Jan Kozamernik (Legavolley 2017)
LAN-AND-80,Lanci,Andrea,ITA,Andrea Lanci (Legavolley 2017)
LAN-FIL-91,Lanza,Filippo,ITA,Filippo Lanza (Legavolley 2017)
LAN-JAK-92,Langlois,Jake,USA,Jake Langlois (Legavolley 2017)
LAR-JAC-98,Larizza,Jacopo,ITA,Jacopo Larizza (Legavolley 2017)
LAV-ANT-99,Lavanga,Antonio Jun,ITA,Antonio Jun Lavanga (Legavolley 2017)
LAV-DAN-99,Lavia,Daniele,ITA,Daniele Lavia (Legavolley 2017)
LAZ-ENR-95,Lazzaretto,Enrico,ITA,Enrico Lazzaretto (Legavolley 2017)
LEC-FRA-93,Lecat,Francois,BEL,Francois Lecat (Legavolley 2017)
LEG-NIC-92,Le Goff,Nicolas,FRA,Nicolas Le Goff (Legavolley 2017)
LEO-GIA-95,Leoni,Giacomo,ITA,Giacomo Leoni (Legavolley 2017)
LEO-MIC-93,Leone,Michele,ITA,Michele Leone (Legavolley 2017)
LIB-ENR-83,Libraro,Enrico,ITA,Enrico Libraro (Legavolley 2017)
LIN-JAC-97,Link,Jacob,SWE,Jacob Link (Legavolley 2017)
LIP-BAR-96,Lipinski,Bartlomiej,ITA,Bartlomiej Lipinski (Legavolley 2017)
LOG-GIA-98,Loglisci,Gianluca,ITA,Gianluca Loglisci (Legavolley 2017)
LON-GIU-98,Longo,Giuseppe,ITA,Giuseppe Longo (Legavolley 2017)
LOS-FAB-98,Losco,Fabio,ITA,Fabio Losco (Legavolley 2017)
LUC-MAR-96,Lucarelli,Marco,ITA,Marco Lucarelli (Legavolley 2017)
LUG-LEO-98,Lugli,Leonardo,ITA,Leonardo Lugli (Legavolley 2017)
LUP-ORE-83,Luppi,Oreste,ITA,Oreste Luppi (Legavolley 2017)
MAA-STE-94,Maar,Stephen,CAN,Stephen Maar (Legavolley 2017)
MAC-FIL-99,Maccabruni,Filippo,ITA,Filippo Maccabruni (Legavolley 2017)
MAC-GRA-96,Maccarone,Graziano,ITA,Graziano Maccarone (Legavolley 2017)
MAF-FIL-98,Maffeis,Filippo,ITA,Filippo Maffeis (Legavolley 2017)
MAI-DOM-90,Maiorana,Domenico,ITA,Domenico Maiorana (Legavolley 2017)
MAN-AND-98,Mancini,Andrea,ITA,Andrea Mancini (Legavolley 2017)
MAN-LOR-79,Manià ,Loris,ITA,Loris Manià  (Legavolley 2017)
MAN-MAR-99,Manginelli,Mario,ITA,Mario Manginelli (Legavolley 2017)
MAN-MOH-95,Manavinejad,Mohammadjavad,IRI,Mohammadjavad Manavinejad (Legavolley 2017)
MAR-ALB-98,Marra,Alberto,ITA,Alberto Marra (Legavolley 2017)
MAR-AND-90,Marchisio,Andrea,ITA,Andrea Marchisio (Legavolley 2017)
MAR-DAV-84,Marra,Davide,ITA,Davide Marra (Legavolley 2017)
MAR-EMA-98,Marra,Emanuele Maria,ITA,Emanuele Maria Marra (Legavolley 2017)
MAR-FED-90,Marretta,Federico,ITA,Federico Marretta (Legavolley 2017)
MAR-FED-94,Marrazzo,Federico,ITA,Federico Marrazzo (Legavolley 2017)
MAR-GAB-88,Maruotti,Gabriele,ITA,Gabriele Maruotti (Legavolley 2017)
MAR-GIU-95,Mariella,Giulio,ITA,Giulio Mariella (Legavolley 2017)
MAR-LEO-79,Marshall,Leonel,CUB,Leonel Marshall (Legavolley 2017)
MAR-MAN-89,Marchiani,Manuele,ITA,Manuele Marchiani (Legavolley 2017)
MAR-MIC-92,Marinelli,Michele,ITA,Michele Marinelli (Legavolley 2017)
MAR-NIC-87,Marechal,Nicolas,FRA,Nicolas Marechal (Legavolley 2017)
MAR-PIE-98,Margutti,Pietro,ITA,Pietro Margutti (Legavolley 2017)
MAR-ROM-91,Mariano,Romolo,ITA,Romolo Mariano (Legavolley 2017)
MAR-SEB-96,Marsili,Sebastiano,ITA,Sebastiano Marsili (Legavolley 2017)
MAR-STE-97,Marchini,Stefano,ITA,Stefano Marchini (Legavolley 2017)
MAS-JAC-88,Massari,Jacopo,ITA,Jacopo Massari (Legavolley 2017)
MAT-AND-93,Mattei,Andrea,ITA,Andrea Mattei (Legavolley 2017)
MAU-PIE-95,Mauti,Pierpaolo,ITA,Pierpaolo Mauti (Legavolley 2017)
MAZ-DAN-92,Mazzone,Daniele,ITA,Daniele Mazzone (Legavolley 2017)
MAZ-FED-96,Mazza,Federico,ITA,Federico Mazza (Legavolley 2017)
MAZ-RIC-96,Mazzon,Riccardo,ITA,Riccardo Mazzon (Legavolley 2017)
MAZ-TIZ-95,Mazzone,Tiziano,ITA,Tiziano Mazzone (Legavolley 2017)
ME2-MIC-90,Menardo,Michael,ITA,Michael Menardo (Legavolley 2017)
MEL-ALI-93,Melo,Alisson Do Monte Martin,BRA,Alisson Do Monte Martin Melo (Legavolley 2017)
MEN-MIC-90,Menicali,Michael,ITA,Michael Menicali (Legavolley 2017)
MEN-STE-85,Mengozzi,Stefano,ITA,Stefano Mengozzi (Legavolley 2017)
MER-MAR-83,Mercorio,Mario,ITA,Mario Mercorio (Legavolley 2017)
MIL-DAN-84,Milushev,Danail,BUL,Danail Milushev (Legavolley 2017)
MIL-SEB-95,Milan,Sebastiano,ITA,Sebastiano Milan (Legavolley 2017)
MIN-MAT-81,Minnoni,Mattia,ITA,Mattia Minnoni (Legavolley 2017)
MIS-MIR-88,Miscione,Mirko,ITA,Mirko Miscione (Legavolley 2017)
MOC-ERI-92,Mochalski,Eric,USA,Eric Mochalski (Legavolley 2017)
MON-DAR-84,Monguzzi,Dario,ITA,Dario Monguzzi (Legavolley 2017)
MON-DAV-95,Montò,Davide,ITA,Davide Montò (Legavolley 2017)
MON-NAT-75,Monopoli,Natale,ITA,Natale Monopoli (Legavolley 2017)
MOR-DAV-96,Morgese,Davide,ITA,Davide Morgese (Legavolley 2017)
MOR-DJA-92,Moreira,Djalma,BRA,Djalma Moreira (Legavolley 2017)
MOR-MIC-91,Morelli,Michele,ITA,Michele Morelli (Legavolley 2017)
MOS-BRU-86,Mossa De Rezende,Bruno Bruninho,BRA,Bruno Bruninho Mossa De Rezende (Legavolley 2017)
MOS-LEA-00,Mosca,Leandro,ITA,Leandro Mosca (Legavolley 2017)
MOT-MAT-99,Motzo,Matheus,ITA,Matheus Motzo (Legavolley 2017)
MUS-DON-86,Musardo,Donato,ITA,Donato Musardo (Legavolley 2017)
NAN-FIL-88,Nannini,Filippo,ITA,Filippo Nannini (Legavolley 2017)
NEL-GAB-93,Nelli,Gabriele,ITA,Gabriele Nelli (Legavolley 2017)
NEM-MAR-84,Nemec,Martin,SVK,Martin Nemec (Legavolley 2017)
NGA-EAR-91,Ngapeth,Earvin,FRA,Earvin Ngapeth (Legavolley 2017)
NGA-SWA-92,Ngapeth,Swan,FRA,Swan Ngapeth (Legavolley 2017)
NIE-RAS-94,Nielsen,Rasmus Breuning,DEN,Rasmus Breuning Nielsen (Legavolley 2017)
OLI-AND-94,Olivati,Andrea,ITA,Andrea Olivati (Legavolley 2017)
ONW-SAM-97,Onwuelo,Samuel,ITA,Samuel Onwuelo (Legavolley 2017)
ORD-SAN-83,Orduna,Santiago,ITA,Santiago Orduna (Legavolley 2017)
OTT-GIU-91,Ottaviani,Giuseppe,ITA,Giuseppe Ottaviani (Legavolley 2017)
PAC-DOM-00,Pace,Domenico,ITA,Domenico Pace (Legavolley 2017)
PAD-WIL-86,Padura Diaz,Williams,ITA,Williams Padura Diaz (Legavolley 2017)
PAJ-ALE-86,Pajenk,Alen,SLO,Alen Pajenk (Legavolley 2017)
PAN-ROC-99,Panciocco,Marco Rocco,ITA,Marco Rocco Panciocco (Legavolley 2017)
PAO-ADR-79,Paolucci,Adriano,ITA,Adriano Paolucci (Legavolley 2017)
PAO-ALE-84,Paoli,Alessandro,ITA,Alessandro Paoli (Legavolley 2017)
PAO-MAT-82,Paoletti,Matteo,ITA,Matteo Paoletti (Legavolley 2017)
PAR-MAT-83,Paris,Matteo,ITA,Matteo Paris (Legavolley 2017)
PAR-MIC-87,Parusso,Michele,ITA,Michele Parusso (Legavolley 2017)
PAR-PIE-93,Partenio,Pier Paolo,ITA,Pier Paolo Partenio (Legavolley 2017)
PAR-SIM-86,Parodi,Simone,ITA,Simone Parodi (Legavolley 2017)
PAT-BEN-94,Patch,Benjamin,USA,Benjamin Patch (Legavolley 2017)
PAT-STE-87,Patriarca,Stefano,ITA,Stefano Patriarca (Legavolley 2017)
PED-JAN-85,Peda,Janis,LAT,Janis Peda (Legavolley 2017)
PED-MAT-92,Pedron,Matteo,ITA,Matteo Pedron (Legavolley 2017)
PEL-CHR-94,Peluso,Christian,ITA,Christian Peluso (Legavolley 2017)
PEN-MIT-95,Penning,Mitchell,USA,Mitchell Penning (Legavolley 2017)
PER-GIA-86,Percoco,Giacomo,ITA,Giacomo Percoco (Legavolley 2017)
PER-WAG-93,Pereira Da Silva,Wagner,BRA,Wagner Pereira Da Silva (Legavolley 2017)
PES-GIA-95,Pesare,Giancarlo,ITA,Giancarlo Pesare (Legavolley 2017)
PES-MIL-98,Peslac,Milan,ITA,Milan Peslac (Legavolley 2017)
PES-NIC-91,Pesaresi,Nicola,ITA,Nicola Pesaresi (Legavolley 2017)
PET-DUS-92,Petkovic,Dusan,SRB,Dusan Petkovic (Legavolley 2017)
PIA-LOR-92,Piazza,Lorenzo,ITA,Lorenzo Piazza (Legavolley 2017)
PIA-MAT-90,Piano,Matteo,ITA,Matteo Piano (Legavolley 2017)
PIC-ALE-97,Piccinelli,Alessandro,ITA,Alessandro Piccinelli (Legavolley 2017)
PIC-EDO-94,Picco,Edoardo,ITA,Edoardo Picco (Legavolley 2017)
PIE-MAR-96,Pierotti,Marco,ITA,Marco Pierotti (Legavolley 2017)
PIE-PIE-92,Piedepalumbo,Pierpaolo,ITA,Pierpaolo Piedepalumbo (Legavolley 2017)
PIL-ENR-98,Pilotto,Enrico,ITA,Enrico Pilotto (Legavolley 2017)
PIN-GIU-97,Pinali,Giulio,ITA,Giulio Pinali (Legavolley 2017)
PIN-RIC-91,Pinelli,Riccardo,ITA,Riccardo Pinelli (Legavolley 2017)
PIS-COS-83,Piscopo,Cosimo Marco,ITA,Cosimo Marco Piscopo (Legavolley 2017)
PIS-FRA-88,Pison,Francesco,ITA,Francesco Pison (Legavolley 2017)
PIS-MAT-95,Pistolesi,Matteo,ITA,Matteo Pistolesi (Legavolley 2017)
PIZ-MAT-96,Pizzichini,Matteo,ITA,Matteo Pizzichini (Legavolley 2017)
POC-FIL-89,Pochini,Filippo,ITA,Filippo Pochini (Legavolley 2017)
POD-MAR-87,Podrascanin,Marko,SRB,Marko Podrascanin (Legavolley 2017)
POG-CRI-89,Poglajen,Cristian Gabriel,ARG,Cristian Gabriel Poglajen (Legavolley 2017)
POL-ALB-95,Polo,Alberto,ITA,Alberto Polo (Legavolley 2017)
POR-ALE-95,Porcelli,Alessandro,ITA,Alessandro Porcelli (Legavolley 2017)
PRA-MAS-89,Prandi,Massimiliano,ITA,Massimiliano Prandi (Legavolley 2017)
PRE-ALE-92,Preti,Alessandro,ITA,Alessandro Preti (Legavolley 2017)
PRE-LUC-95,Presta,Luca,ITA,Luca Presta (Legavolley 2017)
PRE-PET-94,Premovic,Petar,SRB,Petar Premovic (Legavolley 2017)
PRI-ALE-95,Primavera,Alessandro,ITA,Alessandro Primavera (Legavolley 2017)
PRI-FRA-93,Pricoco,Francesco,ITA,Francesco Pricoco (Legavolley 2017)
PRO-GIO-96,Provvisiero,Giovanni,ITA,Giovanni Provvisiero (Legavolley 2017)
PUJ-PIE-84,Pujol,Pierre,FRA,Pierre Pujol (Legavolley 2017)
QUA-AUG-93,Quarta,Augusto,ITA,Augusto Quarta (Legavolley 2017)
QUA-DAV-86,Quartarone,Davide,ITA,Davide Quartarone (Legavolley 2017)
RAF-GIA-95,Raffaelli,Giacomo,ITA,Giacomo Raffaelli (Legavolley 2017)
RAF-MIC-99,Raffaele,Michele,ITA,Michele Raffaele (Legavolley 2017)
RAG-ALE-00,Ragoni,Alessio,ITA,Alessio Ragoni (Legavolley 2017)
RAN-LUI-94,Randazzo,Luigi,ITA,Luigi Randazzo (Legavolley 2017)
RAZ-LEO-91,Razzetto,Leonardo,ITA,Leonardo Razzetto (Legavolley 2017)
REC-FRA-99,Recine,Francesco,ITA,Francesco Recine (Legavolley 2017)
RIB-DAR-02,Ribezzo,Dario,ITA,Dario Ribezzo (Legavolley 2017)
RIB-LUC-94,Ribeiro,Lucas Thomaz,BRA,Lucas Thomaz Ribeiro (Legavolley 2017)
RIC-FAB-94,Ricci,Fabio,ITA,Fabio Ricci (Legavolley 2017)
RIC-JOR-93,Richards,Jordan,AUS,Jordan Richards (Legavolley 2017)
RIV-MAT-90,Riva,Matteo,ITA,Matteo Riva (Legavolley 2017)
RIZ-MAR-90,Rizzo,Marco,ITA,Marco Rizzo (Legavolley 2017)
ROB-GAB-83,Robbiati,Gabriele,ITA,Gabriele Robbiati (Legavolley 2017)
ROM-GIU-98,Romagnoli,Giulio,ITA,Giulio Romagnoli (Legavolley 2017)
ROM-ROB-83,Romiti,Roberto,ITA,Roberto Romiti (Legavolley 2017)
ROM-YUR-97,Romanò,Yuri,ITA,Yuri Romanò (Legavolley 2017)
RON-AND-99,Rondoni,Andrea,ITA,Andrea Rondoni (Legavolley 2017)
ROS-AND-89,Rossi,Andrea,ITA,Andrea Rossi (Legavolley 2017)
ROS-FED-94,Rossatti,Federico,ITA,Federico Rossatti (Legavolley 2017)
ROS-MAT-85,Rosso,Mattia,ITA,Mattia Rosso (Legavolley 2017)
ROS-SAL-86,Rossini,Salvatore,ITA,Salvatore Rossini (Legavolley 2017)
RUI-FRA-91,Ruiz,Francisco,ESP,Francisco Ruiz (Legavolley 2017)
RUS-AAR-93,Russell,Aaron,USA,Aaron Russell (Legavolley 2017)
RUS-DAV-01,Russo,Davide Luigi,ITA,Davide Luigi Russo (Legavolley 2017)
RUS-ERM-94,Russo,Erminio,ITA,Erminio Russo (Legavolley 2017)
RUS-ROB-97,Russo,Roberto,ITA,Roberto Russo (Legavolley 2017)
SAB-GIU-89,Sabbi,Giulio,ITA,Giulio Sabbi (Legavolley 2017)
SAC-MAU-98,Sacripanti,Mauro,ITA,Mauro Sacripanti (Legavolley 2017)
SAI-ALB-98,Saibene,Alberto,ITA,Alberto Saibene (Legavolley 2017)
SAL-HIO-79,Salgado,Hiosvany,ITA,Hiosvany Salgado (Legavolley 2017)
SAL-NIC-97,Salsi,Nicola,ITA,Nicola Salsi (Legavolley 2017)
SAN-AND-94,Santangelo,Andrea,ITA,Andrea Santangelo (Legavolley 2017)
SAN-MAR-83,Santucci,Marco,ITA,Marco Santucci (Legavolley 2017)
SAN-TAY-92,Sander,Taylor,USA,Taylor Sander (Legavolley 2017)
SAR-LUC-01,Sartori,Luca,ITA,Luca Sartori (Legavolley 2017)
SAT-ALE-96,Saturnino,Alessandro,ITA,Alessandro Saturnino (Legavolley 2017)
SAV-CRI-82,Savani,Cristian,ITA,Cristian Savani (Legavolley 2017)
SBE-RIC-98,Sbertoli,Riccardo,ITA,Riccardo Sbertoli (Legavolley 2017)
SCH-RUB-94,Schott,Ruben,GER,Ruben Schott (Legavolley 2017)
SCO-SIM-94,Scopelliti,Simone,ITA,Simone Scopelliti (Legavolley 2017)
SEG-GEO-93,Seganov,Georgi,BUL,Georgi Seganov (Legavolley 2017)
SEG-MAT-93,Segoni,Matteo,ITA,Matteo Segoni (Legavolley 2017)
SES-NIC-87,Sesto,Nicola,ITA,Nicola Sesto (Legavolley 2017)
SET-FEL-96,Sette,Felice,ITA,Felice Sette (Legavolley 2017)
SEV-NIC-96,Seveglievich,NicolĂ²,ITA,NicolĂ² Seveglievich (Legavolley 2017)
SHA-DMI-91,Shavrak,Dmitriy,UKR,Dmitriy Shavrak (Legavolley 2017)
SHA-JAM-94,Shaw,James,USA,James Shaw (Legavolley 2017)
SHO-ERI-89,Shoji,Erik Thomas,USA,Erik Thomas Shoji (Legavolley 2017)
SHO-KAW-87,Shoji,Kawika,USA,Kawika Shoji (Legavolley 2017)
SID-FRA-94,Sideri,Francesco,ITA,Francesco Sideri (Legavolley 2017)
SII-TOM-93,Siirila,Tommi,FIN,Tommi Siirila (Legavolley 2017)
SIL-GIU-86,Silva,Giulio,ITA,Giulio Silva (Legavolley 2017)
SIM-ALE-86,Simeonov,Alexander,BUL,Alexander Simeonov (Legavolley 2017)
SIM-MIC-90,Simoni,Michele,ITA,Michele Simoni (Legavolley 2017)
SIT-ALE-96,Sitti,Alessio,ITA,Alessio Sitti (Legavolley 2017)
SMI-ANT-88,Smiriglia,Antonio,ITA,Antonio Smiriglia (Legavolley 2017)
SNI-JAN-86,Snippe,Jan Willem,NED,Jan Willem Snippe (Legavolley 2017)
SOK-TSV-89,Sokolov,Tsvetan,BUL,Tsvetan Sokolov (Legavolley 2017)
SOR-ALE-93,Sorgente,Alessandro,ITA,Alessandro Sorgente (Legavolley 2017)
SOR-EMA-98,Sorlini,Emanuele,ITA,Emanuele Sorlini (Legavolley 2017)
SOR-LUI-89,Sordella,Luigi,ITA,Luigi Sordella (Legavolley 2017)
SOT-PAS-79,Sottile,Daniele,ITA,Daniele Sottile (Legavolley 2017)
SPA-EMA-87,Spampinato,Emanuele,ITA,Emanuele Spampinato (Legavolley 2017)
SPA-LUC-98,Spagnuolo,Luca,ITA,Luca Spagnuolo (Legavolley 2017)
SPA-VIN-93,Spadavecchia,Vincenzo,ITA,Vincenzo Spadavecchia (Legavolley 2017)
SPE-LOR-99,Sperotto,Lorenzo,ITA,Lorenzo Sperotto (Legavolley 2017)
SPE-MAT-92,Sperandio,Matteo,ITA,Matteo Sperandio (Legavolley 2017)
SPI-LUC-93,Spirito,Luca,ITA,Luca Spirito (Legavolley 2017)
STA-DRA-85,Stankovic,Dragan,SRB,Dragan Stankovic (Legavolley 2017)
STA-ENR-99,Statuto,Enrico,ITA,Enrico Statuto (Legavolley 2017)
STA-SAS-88,Starovic,Sasha,SRB,Sasha Starovic (Legavolley 2017)
STE-TOM-01,Stefani,Tommaso,ITA,Tommaso Stefani (Legavolley 2017)
STE-TON-95,Stern,Toncek,SLO,Toncek Stern (Legavolley 2017)
SUR-ANT-96,Suraci,Antonino,ITA,Antonino Suraci (Legavolley 2017)
TAL-FIL-89,Taliani,Filippo,ITA,Filippo Taliani (Legavolley 2017)
TAM-VIN-85,Tamburo,Vincenzo,ITA,Vincenzo Tamburo (Legavolley 2017)
TAR-SIM-94,Tartaglione,Simmaco,ITA,Simmaco Tartaglione (Legavolley 2017)
TAS-FAT-99,Tasholli,Fatijon,ITA,Fatijon Tasholli (Legavolley 2017)
TEP-REN-93,Teppan,Renee,EST,Renee Teppan (Legavolley 2017)
TER-JER-96,Terpin,Jernej,ITA,Jernej Terpin (Legavolley 2017)
THE-SEB-91,Thei,Sebastiano,ITA,Sebastiano Thei (Legavolley 2017)
TIB-SIM-80,Tiberti,Simone,ITA,Simone Tiberti (Legavolley 2017)
TIO-NIC-93,Tiozzo,Nicola,ITA,Nicola Tiozzo (Legavolley 2017)
TOM-DAN-81,Tomassetti,Daniele,ITA,Daniele Tomassetti (Legavolley 2017)
TON-ALE-91,Tondo,Alessandro,ITA,Alessandro Tondo (Legavolley 2017)
TOR-AND-93,Torre,Andrea,ITA,Andrea Torre (Legavolley 2017)
TOR-ERN-98,Torchia,Ernesto,ITA,Ernesto Torchia (Legavolley 2017)
TOR-MIR-87,Torsello,Mirko,ITA,Mirko Torsello (Legavolley 2017)
TOS-ALE-98,Toscani,Alessandro,ITA,Alessandro Toscani (Legavolley 2017)
TOS-FED-91,Tosi,Federico,ITA,Federico Tosi (Legavolley 2017)
TRA-DRA-86,Travica,Dragan,ITA,Dragan Travica (Legavolley 2017)
TUL-CAL-96,Tulone,Calogero,ITA,Calogero Tulone (Legavolley 2017)
TUR-ALE-96,Turla,Alessandro,ITA,Alessandro Turla (Legavolley 2017)
TZI-GEO-95,Tzioumakas,Georgios,GRE,Georgios Tzioumakas (Legavolley 2017)
URN-TIN-88,Urnaut,Tine,SLO,Tine Urnaut (Legavolley 2017)
USA-VAL-87,Usai,Valeriano,ITA,Valeriano Usai (Legavolley 2017)
VAC-MAR-88,Vacchiano,Marco,ITA,Marco Vacchiano (Legavolley 2017)
VAL-DAM-91,Valsecchi,Damiano,ITA,Damiano Valsecchi (Legavolley 2017)
VAL-SIM-86,Valenti,Simone,ITA,Simone Valenti (Legavolley 2017)
VAN-LUC-91,Van Berkel,Lucas,CAN,Lucas Van Berkel (Legavolley 2017)
VAN-MAA-90,Van Garderen,Maarten,NED,Maarten Van Garderen (Legavolley 2017)
VEC-RIC-96,Vecchi,Riccardo,ITA,Riccardo Vecchi (Legavolley 2017)
VED-FIL-90,Vedovotto,Filippo,ITA,Filippo Vedovotto (Legavolley 2017)
VEG-GAB-93,Vega,Gabriel Michael,USA,Gabriel Michael Vega (Legavolley 2017)
VER-PIE-89,Verhees,Pieter,BEL,Pieter Verhees (Legavolley 2017)
VET-LUC-91,Vettori,Luca,ITA,Luca Vettori (Legavolley 2017)
VIG-ALE-93,Vigil Gonzalez,Alejandro,ESP,Alejandro Vigil Gonzalez (Legavolley 2017)
VIL-DIE-94,Villotti,Diego,ITA,Diego Villotti (Legavolley 2017)
VIT-MAR-96,Vitelli,Marco,ITA,Marco Vitelli (Legavolley 2017)
VOL-MAR-90,Volpato,Marco,ITA,Marco Volpato (Legavolley 2017)
WAL-BRE-94,Walsh,Brett James,USA,Brett James Walsh (Legavolley 2017)
YOD-LUC-95,Yoder,Lucas,USA,Lucas Yoder (Legavolley 2017)
YOS-VIK-85,Yosifov,Viktor,BUL,Viktor Yosifov (Legavolley 2017)
ZAC-LEO-01,Zaccari,Leon,ITA,Leon Zaccari (Legavolley 2017)
ZAM-MAT-89,Zamagni,Matteo,ITA,Matteo Zamagni (Legavolley 2017)
ZAN-IVA-97,Zanettin,Ivan,VEN,Ivan Zanettin (Legavolley 2017)
ZAN-MAS-97,Zanardini,Massimo,ITA,Massimo Zanardini (Legavolley 2017)
ZAN-MAT-94,Zanini,Matteo,ITA,Matteo Zanini (Legavolley 2017)
ZAN-MIC-98,Zanni,Michael,ITA,Michael Zanni (Legavolley 2017)
ZAP-ENR-95,Zappoli,Enrico Guarienti,BRA,Enrico Guarienti Zappoli (Legavolley 2017)
ZAU-MAR-92,Zauli,Marco,ITA,Marco Zauli (Legavolley 2017)
ZAY-IVA-88,Zaytsev,Ivan,ITA,Ivan Zaytsev (Legavolley 2017)
ZIN-AID-90,Zingel,Aidan,AUS,Aidan Zingel (Legavolley 2017)
ZON-PAO-97,Zonca,Paolo,ITA,Paolo Zonca (Legavolley 2017)
ZOP-FRA-97,Zoppellari,Francesco,ITA,Francesco Zoppellari (Legavolley 2017)
