Surname,Name,Nationality,Commons File name,Commons Personal category,Wikidata ID
Abdel-Aziz,Nimir,NED,File:Nimir Abdel-Aziz (Legavolley 2017).jpg,Category:Nimir Abdel-Aziz,Q4121429
Atanasijevic,Aleksandar,SRB,File:Aleksandar Atanasijevic (Legavolley 2017).jpg,Category:Aleksandar Atanasijević,Q172184
Averill,Taylor,USA,File:Taylor Averill (Legavolley 2017).jpg,Category:Taylor Averill,Q21651732
Bencz,Milan,SVK,File:Milan Bencz (Legavolley 2017).jpg,Category:Milan Bencz,Q3313979
Boswinkel,Hidde,NED,File:Hidde Boswinkel (Legavolley 2017).jpg,Category:Hidde Boswinkel,Q22277133
Carminati,Ludovico,ITA,File:Ludovico Carminati (Legavolley 2017).jpg,Category:Ludovico Carminati (volleyball player),Q16574090
Casadei,Alberto,ITA,File:Alberto Casadei (Legavolley 2017).jpg,Category:Alberto Casadei (volleyball player),Q16268245
Casulli,Cesare,ITA,File:Cesare Casulli (Legavolley 2017).jpg,Category:Cesare Casulli,Q46163999
Catena,Stefano,ITA,File:Stefano Catena (Legavolley 2017).jpg,Category:Stefano Catena,Q46164096
Cattaneo,Claudio,ITA,File:Claudio Cattaneo (Legavolley 2017).jpg,Category:Claudio Cattaneo,Q46165290
Cavaccini,Domenico,ITA,File:Domenico Cavaccini (Legavolley 2017).jpg,Category:Domenico Cavaccini,Q46907805
Cavuto,Oreste,ITA,File:Oreste Cavuto (Legavolley 2017).jpg,Category:Oreste Cavuto,Q46909479
Cazzaniga,Roberto,ITA,File:Roberto Cazzaniga (Legavolley 2017).jpg,Category:Roberto Cazzaniga,Q17279963
Cebulj,Klemen,SLO,File:Klemen Cebulj (Legavolley 2017).jpg,Category:Klemen Cebulj,Q3815836
Cecato,Nicola,ITA,File:Nicola Cecato (Legavolley 2017).jpg,Category:Nicola Cecato,Q46909906
Cernic,Matej,ITA,File:Matej Cernic (Legavolley 2017).jpg,Category:Matej Černič,Q2738908
Cesarini,Andrea,ITA,File:Andrea Cesarini (Legavolley 2017).jpg,Category:Andrea Cesarini,Q3615597
Cester,Davide,ITA,File:Davide Cester (Legavolley 2017).jpg,Category:Davide Cester,Q46951220
Cester,Enrico,ITA,File:Enrico Cester (Legavolley 2017).jpg,Category:Enrico Cester,Q3725684
Cetrullo,Leano,ITA,File:Leano Cetrullo (Legavolley 2017).jpg,Category:Leano Cetrullo,Q46993121
Chadtchyn,Alexander,ITA,File:Alexander Chadtchyn (Legavolley 2017).jpg,Category:Alexander Chadtchyn,Q46993145
Chiappa,Matteo,ITA,File:Matteo Chiappa (Legavolley 2017).jpg,Category:Matteo Chiappa,Q28654879
Christenson,Micah,USA,File:Micah Christenson (Legavolley 2017).jpg,Category:Micah Christenson,Q16578192
Cioffi,Massimiliano,ITA,File:Massimiliano Cioffi (Legavolley 2017).jpg,Category:Massimiliano Cioffi,Q46993270
Cirovic,Lazar,SRB,File:Lazar Cirovic (Legavolley 2017).jpg,Category:Lazar Cirovic,Q29646321
Cisolla,Alberto,ITA,File:Alberto Cisolla (Legavolley 2017).jpg,Category:Alberto Cisolla,Q728338
Ciulli,Filippo,ITA,File:Filippo Ciulli (Legavolley 2017).jpg,Category:Filippo Ciulli,Q46993274
Codarin,Lorenzo,ITA,File:Lorenzo Codarin (Legavolley 2017).jpg,Category:Lorenzo Codarin,Q46993281
Colaci,Massimo,ITA,File:Massimo Colaci (Legavolley 2017).jpg,Category:Massimo Colaci,Q3851197
Colli,Leonardo,ITA,File:Leonardo Colli (Legavolley 2017).jpg,Category:Leonardo Colli,Q46993289
Cominetti,Roberto,ITA,File:Roberto Cominetti (Legavolley 2017).jpg,Category:Roberto Cominetti,Q46993291
Copelli,Riccardo,ITA,File:Riccardo Copelli (Legavolley 2017).jpg,Category:Riccardo Copelli,Q46993292
Cordano,Andrea,ITA,File:Andrea Cordano (Legavolley 2017).jpg,Category:Andrea Cordano,Q46993295
Corrado,Francesco,ITA,File:Francesco Corrado (Legavolley 2017).jpg,Category:Francesco Corrado,Q46993298
Cortellazzi,Emiliano,ITA,File:Emiliano Cortellazzi (Legavolley 2017).jpg,Category:Emiliano Cortellazzi,Q21030406
Cortesia,Lorenzo,ITA,File:Lorenzo Cortesia (Legavolley 2017).jpg,Category:Lorenzo Cortesia,Q46993301
Corvetta,Antonio,ITA,File:Antonio Corvetta (Legavolley 2017).jpg,Category:Antonio Corvetta,Q16268303
Coscione,Manuel,ITA,File:Manuel Coscione (Legavolley 2017).jpg,Category:Manuel Coscione,Q3844994
Costanzi,Riccardo,ITA,File:Riccardo Costanzi (Legavolley 2017).jpg,Category:Riccardo Costanzi,Q46993303
Cottarelli,Francesco,ITA,File:Francesco Cottarelli (Legavolley 2017).jpg,Category:Francesco Cottarelli,Q28540489
Crescini,Keriann,ITA,File:Keriann Crescini (Legavolley 2017).jpg,Category:Keriann Crescini,Q46993308
Cristofaletti,Mirco,ITA,File:Mirco Cristofaletti (Legavolley 2017).jpg,Category:Mirco Cristofaletti,Q46993310
Cro',Daniele,ITA,File:Daniele Cro' (Legavolley 2017).jpg,Category:Daniele Cro',Q46993327
Cruz,Nandy,ITA,File:Nandy Cruz (Legavolley 2017).jpg,Category:Nandy Cruz,Q46993338
Cubito,Marco,ITA,File:Marco Cubito (Legavolley 2017).jpg,Category:Marco Cubito,Q46993339
Culafic,Milos,MNE,File:Milos Culafic (Legavolley 2017).jpg,Category:Milos Culafic,Q3314490
Dal Corso,Gianluca,ITA,File:Gianluca Dal Corso (Legavolley 2017).jpg,Category:Gianluca Dal Corso,Q46993807
Daldello,Nicola,ITA,File:Nicola Daldello (Legavolley 2017).jpg,Category:Nicola Daldello,Q17280007
D'Amico,Francesco,ITA,File:Francesco D'Amico (Legavolley 2017).jpg,Category:Francesco D'Amico,Q46993801
Danielli,Simone,ITA,File:Simone Danielli (Legavolley 2017).jpg,Category:Simone Danielli,Q46993824
De Angelis,Carlo,ITA,File:Carlo De Angelis (Legavolley 2017).jpg,Category:Carlo De Angelis,Q46993842
De Fabritiis,Giacomo,ITA,File:Giacomo De Fabritiis (Legavolley 2017).jpg,Category:Giacomo De Fabritiis,Q46993851
Della Lunga,Dore,ITA,File:Dore Della Lunga (Legavolley 2017).jpg,Category:Dore Della Lunga,Q3714219
Della Rosa,Mattia,ITA,File:Mattia Della Rosa (Legavolley 2017).jpg,Category:Mattia Della Rosa,Q46993887
Del Vecchio,Francesco,ITA,File:Francesco Del Vecchio (Legavolley 2017).jpg,Category:Francesco Del Vecchio,Q16557186
De Marchi,Francesco,ITA,File:Francesco De Marchi (Legavolley 2017).jpg,Category:Francesco De Marchi,Q16557177
De Pandis,Daniele,ITA,File:Daniele De Pandis (Legavolley 2017).jpg,Category:Daniele De Pandis,Q3701937
De Paola,Antonio,ITA,File:Antonio De Paola (Legavolley 2017).jpg,Category:Antonio De Paola,Q3619510
De Santis,Danilo,ITA,File:Danilo De Santis (Legavolley 2017).jpg,Category:Danilo De Santis,Q46993876
De Santis,Saverio,ITA,File:Saverio De Santis (Legavolley 2017).jpg,Category:Saverio De Santis,Q46993872
De Togni,Giorgio,ITA,File:Giorgio De Togni (Legavolley 2017).jpg,Category:Giorgio De Togni,Q3765415
Diamantini,Enrico,ITA,File:Enrico Diamantini (Legavolley 2017).jpg,Category:Enrico Diamantini,Q16552094
Di Carlo,Andrea,ITA,File:Andrea Di Carlo (Legavolley 2017).jpg,Category:Andrea Di Carlo,Q46993901
Di Meo,Pietro,ITA,File:Pietro Di Meo (Legavolley 2017).jpg,Category:Pietro Di Meo,Q46993906
Di Renzo,Leonardo,ITA,File:Leonardo Di Renzo (Legavolley 2017).jpg,Category:Leonardo Di Renzo,Q46993915
Di Silvestre,Paolo Luigi,ITA,File:Paolo Luigi Di Silvestre (Legavolley 2017).jpg,Category:Paolo Luigi Di Silvestre,Q46993921
Di Tommaso,Simone,ITA,File:Simone Di Tommaso (Legavolley 2017).jpg,Category:Simone Di Tommaso,Q46993930
Dolfo,Ludovico,ITA,File:Ludovico Dolfo (Legavolley 2017).jpg,Category:Ludovico Dolfo,Q3839102
Domagala,Damian,POL,File:Damian Domagala (Legavolley 2017).jpg,Category:Damian Domagala,Q19902212
Elia,Alberto,ITA,File:Alberto Elia (Legavolley 2017).jpg,Category:Alberto Elia,Q3608272
Erati,Alex,ITA,File:Alex Erati (Legavolley 2017).jpg,Category:Alex Erati,Q46994620
Esposito,Davide,ITA,File:Davide Esposito (Legavolley 2017).jpg,Category:Davide Esposito,Q46994633
Fabi,Tommaso,ITA,File:Tommaso Fabi (Legavolley 2017).jpg,Category:Tommaso Fabi,Q46994645
Fabroni,Marco,ITA,File:Marco Fabroni (Legavolley 2017).jpg,Category:Marco Fabroni,Q16268358
Fantini,Jacopo,ITA,File:Jacopo Fantini (Legavolley 2017).jpg,Category:Jacopo Fantini,Q46994654
Fanuli,Fabio,ITA,File:Fabio Fanuli (Legavolley 2017).jpg,Category:Fabio Fanuli,Q3737694
Federici,Filippo,ITA,File:Filippo Federici (Legavolley 2017).jpg,Category:Filippo Federici,Q46994657
Fedrizzi,Michele,ITA,File:Michele Fedrizzi (Legavolley 2017).jpg,Category:Michele Fedrizzi,Q3856602
Fei,Alessandro,ITA,File:Alessandro Fei (Legavolley 2017).jpg,Category:Alessandro Fei (volleyball player),Q2632542
Ferrari,Jacopo,ITA,File:Jacopo Ferrari (Legavolley 2017).jpg,Category:Jacopo Ferrari (volleyball player),Q46994658
Ferraro,Mario,ITA,File:Mario Ferraro (Legavolley 2017).jpg,Category:Mario Ferraro,Q46994682
Ferri,Stefano,ITA,File:Stefano Ferri (Legavolley 2017).jpg,Category:Stefano Ferri,Q46994686
Festi,Roberto,ITA,File:Roberto Festi (Legavolley 2017).jpg,Category:Roberto Festi,Q46994689
Fey,Kupono,USA,File:Kupono Fey (Legavolley 2017).jpg,Category:Kupono Fey,Q42671053
Fiore,Alessio,ITA,File:Alessio Fiore (Legavolley 2017).jpg,Category:Alessio Fiore,Q3610502
Fiori,Federico,ITA,File:Federico Fiori (Legavolley 2017).jpg,Category:Federico Fiori,Q46994697
Fortunato,Nicola,ITA,File:Nicola Fortunato (Legavolley 2017).jpg,Category:Nicola Fortunato,Q46994698
Franceschini,Alessandro,ITA,File:Alessandro Franceschini (Legavolley 2017).jpg,Category:Alessandro Franceschini,Q16525107
Franciskovic,Jennings,USA,File:Jennings Franciskovic (Legavolley 2017).jpg,Category:Jennings Franciskovic,Q42671387
Franzoni,Andrea,ITA,File:Andrea Franzoni (Legavolley 2017).jpg,Category:Andrea Franzoni (volleyball player),Q46994712
Frattini,Alessandro,ITA,File:Alessandro Frattini (Legavolley 2017).jpg,Category:Alessandro Frattini,Q46994714
Frigo,Thomas,ITA,File:Thomas Frigo (Legavolley 2017).jpg,Category:Thomas Frigo,Q23834733
Fusco,Pasquale,ITA,File:Pasquale Fusco (Legavolley 2017).jpg,Category:Pasquale Fusco,Q46994730
Galabinov,Yordan,ITA,File:Yordan Galabinov (Legavolley 2017).jpg,Category:Yordan Galabinov,Q46994731
Galassi,Gianluca,ITA,File:Gianluca Galassi (Legavolley 2017).jpg,Category:Gianluca Galassi,Q46994733
Galliani,Andrea,ITA,File:Andrea Galliani (Legavolley 2017).jpg,Category:Andrea Galliani,Q9150947
Gardini,Davide,ITA,File:Davide Gardini (Legavolley 2017).jpg,Category:Davide Gardini,Q29646135
Gargiulo,Giovanni Maria,ITA,File:Giovanni Maria Gargiulo (Legavolley 2017).jpg,Category:Giovanni Maria Gargiulo,Q46994736
Garnica,Fernando Gabriel,ITA,File:Fernando Gabriel Garnica (Legavolley 2017).jpg,Category:Fernando Gabriel Garnica,Q46994739
Garofolo,Fabrizio,ITA,File:Fabrizio Garofolo (Legavolley 2017).jpg,Category:Fabrizio Garofolo,Q46994748
Gaspari,Massimo,ITA,File:Massimo Gaspari (Legavolley 2017).jpg,Category:Massimo Gaspari,Q46994749
Giacobelli,Mario,ITA,File:Mario Giacobelli (Legavolley 2017).jpg,Category:Mario Giacobelli,Q46994751
Giannotti,Stefano,ITA,File:Stefano Giannotti (Legavolley 2017).jpg,Category:Stefano Giannotti,Q17453250
Giosa,Alessandro,ITA,File:Alessandro Giosa (Legavolley 2017).jpg,Category:Alessandro Giosa,Q46994759
Giovi,Andrea,ITA,File:Andrea Giovi (Legavolley 2017).jpg,Category:Andrea Giovi,Q493971
Gitto,Carmelo,ITA,File:Carmelo Gitto (Legavolley 2017).jpg,Category:Carmelo Gitto,Q3660240
Giuliani,Ludovico,ITA,File:Ludovico Giuliani (Legavolley 2017).jpg,Category:Ludovico Giuliani,Q46994765
Goi,Riccardo,ITA,File:Riccardo Goi (Legavolley 2017).jpg,Category:Riccardo Goi,Q16867145
Gozzo,Stefano,ITA,File:Stefano Gozzo (Legavolley 2017).jpg,Category:Stefano Gozzo,Q21030425
Gradi,Cesare,ITA,File:Cesare Gradi (Legavolley 2017).jpg,Category:Cesare Gradi,Q3665442
Grassano,Michele,ITA,File:Michele Grassano (Legavolley 2017).jpg,Category:Michele Grassano,Q18223570
Grassi,Tommaso,ITA,File:Tommaso Grassi (Legavolley 2017).jpg,Category:Tommaso Grassi,Q46994771
Graziani,Alessandro,ITA,File:Alessandro Graziani (Legavolley 2017).jpg,Category:Alessandro Graziani,Q46994774
Hebda,Milosz,POL,File:Milosz Hebda (Legavolley 2017).jpg,Category:Milosz Hebda,Q11784099
Held,Tim,ITA,File:Tim Held (Legavolley 2017).jpg,Category:Tim Held,Q46994775
Holt,Maxwell Philip,USA,File:Maxwell Philip Holt (Legavolley 2017).jpg,Category:Maxwell Holt,Q3853142
Hoogendoorn,Sjoerd,NED,File:Sjoerd Hoogendoorn (Legavolley 2017).jpg,Category:Sjoerd Hoogendoorn,Q18702691
Iglesias,Arturo,PUR,File:Arturo Iglesias (Legavolley 2017).jpg,Category:Arturo Iglesias,Q28668848
Ingrosso,Paolo,ITA,File:Paolo Ingrosso (Legavolley 2017).jpg,Category:Paolo Ingrosso,Q13518674
Innocenti,Luca,ITA,File:Luca Innocenti (Legavolley 2017).jpg,Category:Luca Innocenti,Q46994781
Ippolito,Andrea,ITA,File:Andrea Ippolito (Legavolley 2017).jpg,Category:Andrea Ippolito,Q46994782
Ishikawa,Yuki,JPN,File:Yuki Ishikawa (Legavolley 2017).jpg,Category:Yuki Ishikawa,Q18335658
Izzo,Marco,ITA,File:Marco Izzo (Legavolley 2017).jpg,Category:Marco Izzo,Q16575856
Jaeschke,Thomas,USA,File:Thomas Jaeschke (Legavolley 2017).jpg,Category:Thomas Jaeschke,Q20656074
Jovanovic,Igor,SRB,File:Igor Jovanovic (Legavolley 2017).jpg,Category:Igor Jovanovic,Q46996665
Juantorena,Osmany,ITA,File:Osmany Juantorena (Legavolley 2017).jpg,Category:Osmany Juantorena Portuondo,Q2657250
Kaminski,Conrad,USA,File:Conrad Kaminski (Legavolley 2017).jpg,Category:Conrad Kaminski,Q27553582
Katalan,Nicolò,ITA,File:Nicolò Katalan (Legavolley 2017).jpg,Category:Nicolò Katalan,Q46994785
Kindgard,Martin Alberto,ITA,File:Martin Alberto Kindgard (Legavolley 2017).jpg,Category:Martin Alberto Kindgard,Q46994788
Kovacevic,Uros,SRB,File:Uros Kovacevic (Legavolley 2017).jpg,Category:Uros Kovacevic,Q166823
Kovar,Jiri,ITA,File:Jiri Kovar (Legavolley 2017).jpg,Category:Jiří Kovář,Q3179259
Kozamernik,Jan,SLO,File:Jan Kozamernik (Legavolley 2017).jpg,Category:Jan Kozamernik,Q22278706
Lanci,Andrea,ITA,File:Andrea Lanci (Legavolley 2017).jpg,Category:Andrea Lanci,Q46994820
Langlois,Jake,USA,File:Jake Langlois (Legavolley 2017).jpg,Category:Jake Langlois,Q42671321
Lanza,Filippo,ITA,File:Filippo Lanza (Legavolley 2017).jpg,Category:Filippo Lanza,Q3745230
Larizza,Jacopo,ITA,File:Jacopo Larizza (Legavolley 2017).jpg,Category:Jacopo Larizza,Q46994824
Lavanga,Antonio Jun,ITA,File:Antonio Jun Lavanga (Legavolley 2017).jpg,Category:Antonio Jun Lavanga,Q46994827
Lavia,Daniele,ITA,File:Daniele Lavia (Legavolley 2017).jpg,Category:Daniele Lavia,Q46994831
Lazzaretto,Enrico,ITA,File:Enrico Lazzaretto (Legavolley 2017).jpg,Category:Enrico Lazzaretto,Q46994833
Leone,Michele,ITA,File:Michele Leone (Legavolley 2017).jpg,Category:Michele Leone,Q46994836
Leoni,Giacomo,ITA,File:Giacomo Leoni (Legavolley 2017).jpg,Category:Giacomo Leoni (volleyball player),Q46994843
Libraro,Enrico,ITA,File:Enrico Libraro (Legavolley 2017).jpg,Category:Enrico Libraro,Q46994845
Link,Jacob,SWE,File:Jacob Link (Legavolley 2017).jpg,Category:Jacob Link,Q46997654
Lipinski,Bartlomiej,ITA,File:Bartlomiej Lipinski (Legavolley 2017).jpg,Category:Bartlomiej Lipinski,Q46994846
Loglisci,Gianluca,ITA,File:Gianluca Loglisci (Legavolley 2017).jpg,Category:Gianluca Loglisci,Q46994847
Longo,Giuseppe,ITA,File:Giuseppe Longo (Legavolley 2017).jpg,Category:Giuseppe Longo,Q46994848
Losco,Fabio,ITA,File:Fabio Losco (Legavolley 2017).jpg,Category:Fabio Losco,Q46994850
Lucarelli,Marco,ITA,File:Marco Lucarelli (Legavolley 2017).jpg,Category:Marco Lucarelli,Q46994856
Lugli,Leonardo,ITA,File:Leonardo Lugli (Legavolley 2017).jpg,Category:Leonardo Lugli,Q46994857
Luppi,Oreste,ITA,File:Oreste Luppi (Legavolley 2017).jpg,Category:Oreste Luppi,Q46994859
Maccabruni,Filippo,ITA,File:Filippo Maccabruni (Legavolley 2017).jpg,Category:Filippo Maccabruni,Q46994861
Maccarone,Graziano,ITA,File:Graziano Maccarone (Legavolley 2017).jpg,Category:Graziano Maccarone,Q46994865
Maffeis,Filippo,ITA,File:Filippo Maffeis (Legavolley 2017).jpg,Category:Filippo Maffeis,Q46994870
Maiorana,Domenico,ITA,File:Domenico Maiorana (Legavolley 2017).jpg,Category:Domenico Maiorana,Q46994871
Manginelli,Mario,ITA,File:Mario Manginelli (Legavolley 2017).jpg,Category:Mario Manginelli,Q46994873
Manià,Loris,ITA,File:Loris Manià (Legavolley 2017).jpg,Category:Loris Manià,Q3837163
Marchiani,Manuele,ITA,File:Manuele Marchiani (Legavolley 2017).jpg,Category:Manuele Marchiani,Q11767206
Marchini,Stefano,ITA,File:Stefano Marchini (Legavolley 2017).jpg,Category:Stefano Marchini,Q46994878
Marchisio,Andrea,ITA,File:Andrea Marchisio (Legavolley 2017).jpg,Category:Andrea Marchisio,Q11685751
Margutti,Pietro,ITA,File:Pietro Margutti (Legavolley 2017).jpg,Category:Pietro Margutti,Q46994880
Mariano,Romolo,ITA,File:Romolo Mariano (Legavolley 2017).jpg,Category:Romolo Mariano,Q46994882
Mariella,Giulio,ITA,File:Giulio Mariella (Legavolley 2017).jpg,Category:Giulio Mariella,Q46994888
Marinelli,Michele,ITA,File:Michele Marinelli (Legavolley 2017).jpg,Category:Michele Marinelli,Q46994890
Marra,Alberto,ITA,File:Alberto Marra (Legavolley 2017).jpg,Category:Alberto Marra,Q46994893
Marra,Davide,ITA,File:Davide Marra (Legavolley 2017).jpg,Category:Davide Marra,Q3019096
Marra,Emanuele Maria,ITA,File:Emanuele Maria Marra (Legavolley 2017).jpg,Category:Emanuele Maria Marra,Q46994894
Marrazzo,Federico,ITA,File:Federico Marrazzo (Legavolley 2017).jpg,Category:Federico Marrazzo,Q46900417
Marretta,Federico,ITA,File:Federico Marretta (Legavolley 2017).jpg,Category:Federico Marretta,Q46994919
Marsili,Sebastiano,ITA,File:Sebastiano Marsili (Legavolley 2017).jpg,Category:Sebastiano Marsili (volleyball player),Q46994940
Maruotti,Gabriele,ITA,File:Gabriele Maruotti (Legavolley 2017).jpg,Category:Gabriele Maruotti,Q3756636
Massari,Jacopo,ITA,File:Jacopo Massari (Legavolley 2017).jpg,Category:Jacopo Massari,Q16268512
Mattei,Andrea,ITA,File:Andrea Mattei (Legavolley 2017).jpg,Category:Andrea Mattei,Q18923606
Mauti,Pierpaolo,ITA,File:Pierpaolo Mauti (Legavolley 2017).jpg,Category:Pierpaolo Mauti,Q46994950
Mazza,Federico,ITA,File:Federico Mazza (Legavolley 2017).jpg,Category:Federico Mazza,Q46994951
Mazzone,Daniele,ITA,File:Daniele Mazzone (Legavolley 2017).jpg,Category:Daniele Mazzone,Q15927093
Mazzone,Tiziano,ITA,File:Tiziano Mazzone (Legavolley 2017).jpg,Category:Tiziano Mazzone,Q17399566
Mazzon,Riccardo,ITA,File:Riccardo Mazzon (Legavolley 2017).jpg,Category:Riccardo Mazzon,Q46994958
Menardo,Michael,ITA,File:Michael Menardo (Legavolley 2017).jpg,Category:Michael Menardo,Q46994964
Mengozzi,Stefano,ITA,File:Stefano Mengozzi (Legavolley 2017).jpg,Category:Stefano Mengozzi,Q16268538
Menicali,Michael,ITA,File:Michael Menicali (Legavolley 2017).jpg,Category:Michael Menicali,Q46994967
Mercorio,Mario,ITA,File:Mario Mercorio (Legavolley 2017).jpg,Category:Mario Mercorio,Q21030439
Milan,Sebastiano,ITA,File:Sebastiano Milan (Legavolley 2017).jpg,Category:Sebastiano Milan,Q21030441
Minnoni,Mattia,ITA,File:Mattia Minnoni (Legavolley 2017).jpg,Category:Mattia Minnoni,Q46994971
Miscione,Mirko,ITA,File:Mirko Miscione (Legavolley 2017).jpg,Category:Mirko Miscione,Q46994985
Mochalski,Eric,USA,File:Eric Mochalski (Legavolley 2017).jpg,Category:Eric Mochalski,Q42670904
Monguzzi,Dario,ITA,File:Dario Monguzzi (Legavolley 2017).jpg,Category:Dario Monguzzi,Q46995001
Monopoli,Natale,ITA,File:Natale Monopoli (Legavolley 2017).jpg,Category:Natale Monopoli,Q3870621
Montò,Davide,ITA,File:Davide Montò (Legavolley 2017).jpg,Category:Davide Montò,Q46995009
Morelli,Michele,ITA,File:Michele Morelli (Legavolley 2017).jpg,Category:Michele Morelli (volleyball player),Q46995020
Morgese,Davide,ITA,File:Davide Morgese (Legavolley 2017).jpg,Category:Davide Morgese,Q46995023
Mosca,Leandro,ITA,File:Leandro Mosca (Legavolley 2017).jpg,Category:Leandro Mosca,Q46995025
Motzo,Matheus,ITA,File:Matheus Motzo (Legavolley 2017).jpg,Category:Matheus Motzo,Q46995028
Musardo,Donato,ITA,File:Donato Musardo (Legavolley 2017).jpg,Category:Donato Musardo,Q46995029
Nannini,Filippo,ITA,File:Filippo Nannini (Legavolley 2017).jpg,Category:Filippo Nannini,Q46995031
Nelli,Gabriele,ITA,File:Gabriele Nelli (Legavolley 2017).jpg,Category:Gabriele Nelli,Q15918510
Nemec,Martin,SVK,File:Martin Nemec (Legavolley 2017).jpg,Category:Martin Nemec,Q17375760
Olivati,Andrea,ITA,File:Andrea Olivati (Legavolley 2017).jpg,Category:Andrea Olivati,Q46995033
Onwuelo,Samuel,ITA,File:Samuel Onwuelo (Legavolley 2017).jpg,Category:Samuel Onwuelo,Q46995036
Orduna,Santiago,ITA,File:Santiago Orduna (Legavolley 2017).jpg,Category:Santiago Orduna,Q18419410
Ottaviani,Giuseppe,ITA,File:Giuseppe Ottaviani (Legavolley 2017).jpg,Category:Giuseppe Ottaviani,Q46995038
Pace,Domenico,ITA,File:Domenico Pace (Legavolley 2017).jpg,Category:Domenico Pace,Q46995044
Padura Diaz,Williams,ITA,File:Williams Padura Diaz (Legavolley 2017).jpg,Category:Williams Padura Diaz,Q46995047
Pajenk,Alen,SLO,File:Alen Pajenk (Legavolley 2017).jpg,Category:Alen Pajenk,Q2832654
Panciocco,Marco Rocco,ITA,File:Marco Rocco Panciocco (Legavolley 2017).jpg,Category:Marco Rocco Panciocco,Q46995050
Paoletti,Matteo,ITA,File:Matteo Paoletti (Legavolley 2017).jpg,Category:Matteo Paoletti,Q3852170
Paoli,Alessandro,ITA,File:Alessandro Paoli (Legavolley 2017).jpg,Category:Alessandro Paoli,Q3610192
Paolucci,Adriano,ITA,File:Adriano Paolucci (Legavolley 2017).jpg,Category:Adriano Paolucci,Q16524647
Paris,Matteo,ITA,File:Matteo Paris (Legavolley 2017).jpg,Category:Matteo Paris,Q16577147
Parodi,Simone,ITA,File:Simone Parodi (Legavolley 2017).jpg,Category:Simone Parodi,Q1792943
Partenio,Pier Paolo,ITA,File:Pier Paolo Partenio (Legavolley 2017).jpg,Category:Pier Paolo Partenio,Q16795601
Parusso,Michele,ITA,File:Michele Parusso (Legavolley 2017).jpg,Category:Michele Parusso,Q46995057
Patch,Benjamin,USA,File:Benjamin Patch (Legavolley 2017).jpg,Category:Benjamin Patch,Q30643220
Patriarca,Stefano,ITA,File:Stefano Patriarca (Legavolley 2017).jpg,Category:Stefano Patriarca,Q16610317
Peda,Janis,LAT,File:Janis Peda (Legavolley 2017).jpg,Category:Janis Peda,Q3191222
Pedron,Matteo,ITA,File:Matteo Pedron (Legavolley 2017).jpg,Category:Matteo Pedron,Q46995063
Penning,Mitchell,USA,File:Mitchell Penning (Legavolley 2017).jpg,Category:Mitchell Penning,Q42671072
Percoco,Giacomo,ITA,File:Giacomo Percoco (Legavolley 2017).jpg,Category:Giacomo Percoco,Q46995064
Pesaresi,Nicola,ITA,File:Nicola Pesaresi (Legavolley 2017).jpg,Category:Nicola Pesaresi,Q3876315
Peslac,Milan,ITA,File:Milan Peslac (Legavolley 2017).jpg,Category:Milan Peslac,Q46995068
Petkovic,Dusan,SRB,File:Dusan Petkovic (Legavolley 2017).jpg,Category:Dusan Petkovic,Q16087144
Piano,Matteo,ITA,File:Matteo Piano (Legavolley 2017).jpg,Category:Matteo Piano,Q15838844
Piazza,Lorenzo,ITA,File:Lorenzo Piazza (Legavolley 2017).jpg,Category:Lorenzo Piazza,Q46995071
Piccinelli,Alessandro,ITA,File:Alessandro Piccinelli (Legavolley 2017).jpg,Category:Alessandro Piccinelli,Q46995072
Picco,Edoardo,ITA,File:Edoardo Picco (Legavolley 2017).jpg,Category:Edoardo Picco,Q16736845
Piedepalumbo,Pierpaolo,ITA,File:Pierpaolo Piedepalumbo (Legavolley 2017).jpg,Category:Pierpaolo Piedepalumbo,Q46995073
Pierotti,Marco,ITA,File:Marco Pierotti (Legavolley 2017).jpg,Category:Marco Pierotti,Q46995076
Pilotto,Enrico,ITA,File:Enrico Pilotto (Legavolley 2017).jpg,Category:Enrico Pilotto,Q46995086
Pinali,Giulio,ITA,File:Giulio Pinali (Legavolley 2017).jpg,Category:Giulio Pinali,Q46995089
Pinelli,Riccardo,ITA,File:Riccardo Pinelli (Legavolley 2017).jpg,Category:Riccardo Pinelli,Q16268651
Piscopo,Cosimo Marco,ITA,File:Cosimo Marco Piscopo (Legavolley 2017).jpg,Category:Cosimo Marco Piscopo,Q3695131
Pison,Francesco,ITA,File:Francesco Pison (Legavolley 2017).jpg,Category:Francesco Pison,Q46995095
Pistolesi,Matteo,ITA,File:Matteo Pistolesi (Legavolley 2017).jpg,Category:Matteo Pistolesi,Q46995097
Pizzichini,Matteo,ITA,File:Matteo Pizzichini (Legavolley 2017).jpg,Category:Matteo Pizzichini,Q46995098
Pochini,Filippo,ITA,File:Filippo Pochini (Legavolley 2017).jpg,Category:Filippo Pochini,Q46995100
Podrascanin,Marko,SRB,File:Marko Podrascanin (Legavolley 2017).jpg,Category:Marko Podraščanin,Q1359971
Polo,Alberto,ITA,File:Alberto Polo (Legavolley 2017).jpg,Category:Alberto Polo,Q21030448
Porcelli,Alessandro,ITA,File:Alessandro Porcelli (Legavolley 2017).jpg,Category:Alessandro Porcelli,Q16782371
Prandi,Massimiliano,ITA,File:Massimiliano Prandi (Legavolley 2017).jpg,Category:Massimiliano Prandi,Q16576920
Premovic,Petar,SRB,File:Petar Premovic (Legavolley 2017).jpg,Category:Petar Premovic,Q46997741
Presta,Luca,ITA,File:Luca Presta (Legavolley 2017).jpg,Category:Luca Presta,Q16573880
Preti,Alessandro,ITA,File:Alessandro Preti (Legavolley 2017).jpg,Category:Alessandro Preti,Q16525187
Pricoco,Francesco,ITA,File:Francesco Pricoco (Legavolley 2017).jpg,Category:Francesco Pricoco,Q46995111
Primavera,Alessandro,ITA,File:Alessandro Primavera (Legavolley 2017).jpg,Category:Alessandro Primavera,Q46995114
Provvisiero,Giovanni,ITA,File:Giovanni Provvisiero (Legavolley 2017).jpg,Category:Giovanni Provvisiero,Q46995123
Quarta,Augusto,ITA,File:Augusto Quarta (Legavolley 2017).jpg,Category:Augusto Quarta,Q46995127
Quartarone,Davide,ITA,File:Davide Quartarone (Legavolley 2017).jpg,Category:Davide Quartarone,Q3703603
Raffaele,Michele,ITA,File:Michele Raffaele (Legavolley 2017).jpg,Category:Michele Raffaele,Q46995129
Raffaelli,Giacomo,ITA,File:Giacomo Raffaelli (Legavolley 2017).jpg,Category:Giacomo Raffaelli (volleyball player),Q25468909
Ragoni,Alessio,ITA,File:Alessio Ragoni (Legavolley 2017).jpg,Category:Alessio Ragoni,Q46995130
Randazzo,Luigi,ITA,File:Luigi Randazzo (Legavolley 2017).jpg,Category:Luigi Randazzo,Q16574320
Razzetto,Leonardo,ITA,File:Leonardo Razzetto (Legavolley 2017).jpg,Category:Leonardo Razzetto,Q46995136
Recine,Francesco,ITA,File:Francesco Recine (Legavolley 2017).jpg,Category:Francesco Recine,Q46995138
Ribezzo,Dario,ITA,File:Dario Ribezzo (Legavolley 2017).jpg,Category:Dario Ribezzo,Q46995142
Ricci,Fabio,ITA,File:Fabio Ricci (Legavolley 2017).jpg,Category:Fabio Ricci,Q16268695
Riva,Matteo,ITA,File:Matteo Riva (Legavolley 2017).jpg,Category:Matteo Riva,Q46995146
Rizzo,Marco,ITA,File:Marco Rizzo (Legavolley 2017).jpg,Category:Marco Rizzo (volleyball player),Q19985100
Robbiati,Gabriele,ITA,File:Gabriele Robbiati (Legavolley 2017).jpg,Category:Gabriele Robbiati,Q46995149
Romagnoli,Giulio,ITA,File:Giulio Romagnoli (Legavolley 2017).jpg,Category:Giulio Romagnoli,Q46995150
Romanò,Yuri,ITA,File:Yuri Romanò (Legavolley 2017).jpg,Category:Yuri Romanò,Q46995155
Romiti,Roberto,ITA,File:Roberto Romiti (Legavolley 2017).jpg,Category:Roberto Romiti,Q18420363
Rondoni,Andrea,ITA,File:Andrea Rondoni (Legavolley 2017).jpg,Category:Andrea Rondoni,Q46995158
Rossatti,Federico,ITA,File:Federico Rossatti (Legavolley 2017).jpg,Category:Federico Rossatti,Q46995160
Rossi,Andrea,ITA,File:Andrea Rossi (Legavolley 2017).jpg,Category:Andrea Rossi,Q9150965
Rossini,Salvatore,ITA,File:Salvatore Rossini (Legavolley 2017).jpg,Category:Salvatore Rossini,Q15838843
Rosso,Mattia,ITA,File:Mattia Rosso (Legavolley 2017).jpg,Category:Mattia Rosso,Q3852314
Russell,Aaron,USA,File:Aaron Russell (Legavolley 2017).jpg,Category:Aaron Russell,Q20729960
Russo,Davide Luigi,ITA,File:Davide Luigi Russo (Legavolley 2017).jpg,Category:Davide Luigi Russo,Q46995163
Russo,Erminio,ITA,File:Erminio Russo (Legavolley 2017).jpg,Category:Erminio Russo,Q46995167
Russo,Roberto,ITA,File:Roberto Russo (Legavolley 2017).jpg,Category:Roberto Russo,Q46995168
Sabbi,Giulio,ITA,File:Giulio Sabbi (Legavolley 2017).jpg,Category:Giulio Sabbi,Q3769768
Sacripanti,Mauro,ITA,File:Mauro Sacripanti (Legavolley 2017).jpg,Category:Mauro Sacripanti,Q46995169
Saibene,Alberto,ITA,File:Alberto Saibene (Legavolley 2017).jpg,Category:Alberto Saibene,Q46995171
Salgado,Hiosvany,ITA,File:Hiosvany Salgado (Legavolley 2017).jpg,Category:Hiosvany Salgado,Q16563355
Salsi,Nicola,ITA,File:Nicola Salsi (Legavolley 2017).jpg,Category:Nicola Salsi,Q46995174
Sander,Taylor,USA,File:Taylor Sander (Legavolley 2017).jpg,Category:Taylor Sander,Q16612430
Santangelo,Andrea,ITA,File:Andrea Santangelo (Legavolley 2017).jpg,Category:Andrea Santangelo,Q46995176
Santucci,Marco,ITA,File:Marco Santucci (Legavolley 2017).jpg,Category:Marco Santucci (volleyball player),Q46995178
Sartori,Luca,ITA,File:Luca Sartori (Legavolley 2017).jpg,Category:Luca Sartori,Q46995181
Saturnino,Alessandro,ITA,File:Alessandro Saturnino (Legavolley 2017).jpg,Category:Alessandro Saturnino,Q46995182
Savani,Cristian,ITA,File:Cristian Savani (Legavolley 2017).jpg,Category:Cristian Savani,Q920767
Sbertoli,Riccardo,ITA,File:Riccardo Sbertoli (Legavolley 2017).jpg,Category:Riccardo Sbertoli,Q29635938
Scopelliti,Simone,ITA,File:Simone Scopelliti (Legavolley 2017).jpg,Category:Simone Scopelliti,Q16268751
Segoni,Matteo,ITA,File:Matteo Segoni (Legavolley 2017).jpg,Category:Matteo Segoni,Q46995184
Sesto,Nicola,ITA,File:Nicola Sesto (Legavolley 2017).jpg,Category:Nicola Sesto,Q46995186
Sette,Felice,ITA,File:Felice Sette (Legavolley 2017).jpg,Category:Felice Sette,Q46995188
Seveglievich,Nicolò,ITA,File:Nicolò Seveglievich (Legavolley 2017).jpg,Category:Nicolò Seveglievich,Q46995189
Shavrak,Dmitriy,UKR,File:Dmitriy Shavrak (Legavolley 2017).jpg,Category:Dmitriy Shavrak,Q46997772
Shaw,James,USA,File:James Shaw (Legavolley 2017).jpg,Category:James Shaw (volleyball player),Q24005138
Shoji,Erik Thomas,USA,File:Erik Thomas Shoji (Legavolley 2017).jpg,Category:Erik Thomas Shoji,Q46997946
Shoji,Kawika,USA,File:Kawika Shoji (Legavolley 2017).jpg,Category:Kawika Shoji,Q1737351
Sideri,Francesco,ITA,File:Francesco Sideri (Legavolley 2017).jpg,Category:Francesco Sideri,Q46995190
Silva,Giulio,ITA,File:Giulio Silva (Legavolley 2017).jpg,Category:Giulio Silva,Q46995193
Simoni,Michele,ITA,File:Michele Simoni (Legavolley 2017).jpg,Category:Michele Simoni,Q46995194
Sitti,Alessio,ITA,File:Alessio Sitti (Legavolley 2017).jpg,Category:Alessio Sitti,Q46995195
Smiriglia,Antonio,ITA,File:Antonio Smiriglia (Legavolley 2017).jpg,Category:Antonio Smiriglia,Q46995197
Snippe,Jan Willem,NED,File:Jan Willem Snippe (Legavolley 2017).jpg,Category:Jan Willem Snippe,Q3806951
Sordella,Luigi,ITA,File:Luigi Sordella (Legavolley 2017).jpg,Category:Luigi Sordella,Q46995199
Sorgente,Alessandro,ITA,File:Alessandro Sorgente (Legavolley 2017).jpg,Category:Alessandro Sorgente,Q46995200
Sorlini,Emanuele,ITA,File:Emanuele Sorlini (Legavolley 2017).jpg,Category:Emanuele Sorlini,Q46995201
Sottile,Daniele,ITA,File:Daniele Sottile (Legavolley 2017).jpg,Category:Daniele Sottile,Q3702084
Spadavecchia,Vincenzo,ITA,File:Vincenzo Spadavecchia (Legavolley 2017).jpg,Category:Vincenzo Spadavecchia,Q22069570
Spagnuolo,Luca,ITA,File:Luca Spagnuolo (Legavolley 2017).jpg,Category:Luca Spagnuolo,Q46995205
Spampinato,Emanuele,ITA,File:Emanuele Spampinato (Legavolley 2017).jpg,Category:Emanuele Spampinato,Q46995206
Sperandio,Matteo,ITA,File:Matteo Sperandio (Legavolley 2017).jpg,Category:Matteo Sperandio,Q46995207
Sperotto,Lorenzo,ITA,File:Lorenzo Sperotto (Legavolley 2017).jpg,Category:Lorenzo Sperotto,Q46995209
Spirito,Luca,ITA,File:Luca Spirito (Legavolley 2017).jpg,Category:Luca Spirito,Q18419014
Stankovic,Dragan,SRB,File:Dragan Stankovic (Legavolley 2017).jpg,Category:Dragan Stanković,Q1254625
Starovic,Sasha,SRB,File:Sasha Starovic (Legavolley 2017).jpg,Category:Saša Starović,Q2121480
Statuto,Enrico,ITA,File:Enrico Statuto (Legavolley 2017).jpg,Category:Enrico Statuto,Q46995212
Stefani,Tommaso,ITA,File:Tommaso Stefani (Legavolley 2017).jpg,Category:Tommaso Stefani,Q46995213
Stern,Toncek,SLO,File:Toncek Stern (Legavolley 2017).jpg,Category:Toncek Stern,Q28967856
Suraci,Antonino,ITA,File:Antonino Suraci (Legavolley 2017).jpg,Category:Antonino Suraci,Q46995218
Taliani,Filippo,ITA,File:Filippo Taliani (Legavolley 2017).jpg,Category:Filippo Taliani,Q46995222
Tamburo,Vincenzo,ITA,File:Vincenzo Tamburo (Legavolley 2017).jpg,Category:Vincenzo Tamburo,Q4013538
Tartaglione,Simmaco,ITA,File:Simmaco Tartaglione (Legavolley 2017).jpg,Category:Simmaco Tartaglione,Q23857386
Tasholli,Fatijon,ITA,File:Fatijon Tasholli (Legavolley 2017).jpg,Category:Fatijon Tasholli,Q46995224
Terpin,Jernej,ITA,File:Jernej Terpin (Legavolley 2017).jpg,Category:Jernej Terpin,Q46995230
Thei,Sebastiano,ITA,File:Sebastiano Thei (Legavolley 2017).jpg,Category:Sebastiano Thei,Q15918507
Tiberti,Simone,ITA,File:Simone Tiberti (Legavolley 2017).jpg,Category:Simone Tiberti,Q3961278
Tiozzo,Nicola,ITA,File:Nicola Tiozzo (Legavolley 2017).jpg,Category:Nicola Tiozzo,Q31062985
Tomassetti,Daniele,ITA,File:Daniele Tomassetti (Legavolley 2017).jpg,Category:Daniele Tomassetti,Q17285725
Tondo,Alessandro,ITA,File:Alessandro Tondo (Legavolley 2017).jpg,Category:Alessandro Tondo,Q44600418
Torchia,Ernesto,ITA,File:Ernesto Torchia (Legavolley 2017).jpg,Category:Ernesto Torchia,Q46995236
Torre,Andrea,ITA,File:Andrea Torre (Legavolley 2017).jpg,Category:Andrea Torre,Q46995241
Torsello,Mirko,ITA,File:Mirko Torsello (Legavolley 2017).jpg,Category:Mirko Torsello,Q46995244
Toscani,Alessandro,ITA,File:Alessandro Toscani (Legavolley 2017).jpg,Category:Alessandro Toscani,Q46995248
Tosi,Federico,ITA,File:Federico Tosi (Legavolley 2017).jpg,Category:Federico Tosi,Q16555547
Travica,Dragan,ITA,File:Dragan Travica (Legavolley 2017).jpg,Category:Dragan Travica,Q1254642
Tulone,Calogero,ITA,File:Calogero Tulone (Legavolley 2017).jpg,Category:Calogero Tulone,Q46995250
Turla,Alessandro,ITA,File:Alessandro Turla (Legavolley 2017).jpg,Category:Alessandro Turla,Q46995255
Urnaut,Tine,SLO,File:Tine Urnaut (Legavolley 2017).jpg,Category:Tine Urnaut,Q630584
Usai,Valeriano,ITA,File:Valeriano Usai (Legavolley 2017).jpg,Category:Valeriano Usai,Q46995257
Vacchiano,Marco,ITA,File:Marco Vacchiano (Legavolley 2017).jpg,Category:Marco Vacchiano,Q46995258
Valenti,Simone,ITA,File:Simone Valenti (Legavolley 2017).jpg,Category:Simone Valenti,Q46995262
Valsecchi,Damiano,ITA,File:Damiano Valsecchi (Legavolley 2017).jpg,Category:Damiano Valsecchi,Q3701274
Van Garderen,Maarten,NED,File:Maarten Van Garderen (Legavolley 2017).jpg,Category:Maarten Van Garderen,Q16661854
Vecchi,Riccardo,ITA,File:Riccardo Vecchi (Legavolley 2017).jpg,Category:Riccardo Vecchi,Q46995265
Vedovotto,Filippo,ITA,File:Filippo Vedovotto (Legavolley 2017).jpg,Category:Filippo Vedovotto,Q17423133
Vega,Gabriel Michael,USA,File:Gabriel Michael Vega (Legavolley 2017).jpg,Category:Gabriel Michael Vega,Q46998003
Vettori,Luca,ITA,File:Luca Vettori (Legavolley 2017).jpg,Category:Luca Vettori,Q15014899
Villotti,Diego,ITA,File:Diego Villotti (Legavolley 2017).jpg,Category:Diego Villotti,Q46995268
Vitelli,Marco,ITA,File:Marco Vitelli (Legavolley 2017).jpg,Category:Marco Vitelli,Q40991894
Volpato,Marco,ITA,File:Marco Volpato (Legavolley 2017).jpg,Category:Marco Volpato,Q21030457
Walsh,Brett James,USA,File:Brett James Walsh (Legavolley 2017).jpg,Category:Brett James Walsh,Q26837733
Yoder,Lucas,USA,File:Lucas Yoder (Legavolley 2017).jpg,Category:Lucas Yoder,Q46998004
Zaccari,Leon,ITA,File:Leon Zaccari (Legavolley 2017).jpg,Category:Leon Zaccari,Q46995274
Zamagni,Matteo,ITA,File:Matteo Zamagni (Legavolley 2017).jpg,Category:Matteo Zamagni,Q46995280
Zanardini,Massimo,ITA,File:Massimo Zanardini (Legavolley 2017).jpg,Category:Massimo Zanardini,Q46995283
Zanettin,Ivan,VEN,File:Ivan Zanettin (Legavolley 2017).jpg,Category:Ivan Zanettin,Q46998006
Zanini,Matteo,ITA,File:Matteo Zanini (Legavolley 2017).jpg,Category:Matteo Zanini,Q46995287
Zanni,Michael,ITA,File:Michael Zanni (Legavolley 2017).jpg,Category:Michael Zanni,Q46995288
Zauli,Marco,ITA,File:Marco Zauli (Legavolley 2017).jpg,Category:Marco Zauli,Q46995289
Zaytsev,Ivan,ITA,File:Ivan Zaytsev (Legavolley 2017).jpg,Category:Ivan Zaytsev (volleyball player),Q661579
Zonca,Paolo,ITA,File:Paolo Zonca (Legavolley 2017).jpg,Category:Paolo Zonca,Q46995293
Zoppellari,Francesco,ITA,File:Francesco Zoppellari (Legavolley 2017).jpg,Category:Francesco Zoppellari,Q46995294
